Num_Acc,an,mois,jour,hrmn,lum,agg,int,atm,col,com,adr,gps,lat,long,dep,catr,voie,v1,v2,circ,nbv,pr,pr1,vosp,prof,plan,lartpc,larrout,surf,infra,situ,env1
200800010575,8,2,26,2115,5,1,1,2,6,550,ROCADE A 630,,,,330,1,630.0,0.0,,3,6,30.0,0.0,0,1,3,15,210,2,3,1,0
200800010576,8,2,27,1415,1,1,1,1,6,550,ROCADE A 630,,,,330,1,630.0,0.0,,3,6,31.0,800.0,0,1,1,15,210,1,0,1,0
200800010577,8,2,27,2130,5,1,1,1,3,318,AUTOROUTE A 63,,,,330,1,63.0,0.0,,3,5,0.0,300.0,0,1,1,15,175,1,0,1,0
200800010578,8,2,28,630,2,1,1,1,6,249,ROUTE NATIONALE 230,,,,330,2,230.0,0.0,,3,6,42.0,700.0,0,1,1,15,210,1,0,1,0
200800010579,8,2,29,1138,1,1,1,1,3,550,ROCADE A 630,,,,330,1,630.0,0.0,,3,6,30.0,0.0,0,1,1,20,210,1,0,1,0
200800012234,8,3,8,1225,1,2,1,1,3,9,"35, PLAGE (BD DE LA) DU",,,,330,4,0.0,0.0,,2,2,,,1,1,1,0,70,1,0,1,99
200800012235,8,3,9,1505,1,1,1,1,1,529,"1, PORTES DE L'OCEAN (BD",,,,330,4,0.0,0.0,,2,2,,,0,1,1,0,70,1,0,1,99
200800012236,8,3,13,900,1,2,1,8,3,529,"., LECLERC (AVE DU GAL)",,,,330,4,0.0,0.0,,2,2,,,0,1,1,0,81,2,0,1,99
200800012237,8,3,17,1020,1,2,1,1,7,9,"1, MESTREZAT (BD)",,,,330,4,0.0,0.0,,3,2,,,0,1,1,0,100,1,0,1,99
200800012238,8,3,19,730,1,2,1,1,3,529,"., AERODROME (AVE DE L')",,,,330,4,0.0,0.0,,2,2,,,0,1,1,0,0,1,0,1,0
200800012239,8,3,7,1700,1,2,1,1,2,529,"1, LARRIEU (RUE JEAN)",,,,330,4,0.0,0.0,,2,2,,,0,1,1,0,70,1,0,1,99
200800012240,8,3,1,440,5,2,1,2,6,281,"212, AVE DE LA MARNE",,,,330,4,0.0,0.0,,2,2,,,0,1,2,0,40,2,0,1,0
200800012241,8,3,3,1930,5,2,1,2,3,63,"53, RUE FONDAUDEGE",,,,330,4,0.0,0.0,,1,2,,,2,1,1,0,49,2,0,1,0
200800012242,8,3,2,1815,1,2,2,1,3,63,RUE PAUL BROCA,,,,330,4,0.0,0.0,,1,1,,,0,1,1,0,32,1,0,1,0
200800012243,8,3,5,1615,1,2,1,1,3,63,"41, PCE MARTYRS DE LA RE",,,,330,4,0.0,0.0,,2,1,,,0,1,1,0,110,1,0,1,0
200800012244,8,3,5,1820,1,2,2,1,3,63,RUE PAUL CAMELLE,,,,330,4,0.0,0.0,,2,2,,,0,1,1,0,70,1,0,1,0
200800012245,8,3,5,1915,5,2,2,1,3,63,CRS SAINT LOUIS,,,,330,4,0.0,0.0,,1,1,,,0,1,1,0,50,1,0,1,0
200800012246,8,3,6,800,1,2,1,1,3,63,PCE DE LATULE,,,,330,4,0.0,0.0,,1,2,,,0,1,3,0,0,1,0,1,0
200800012247,8,3,3,1050,1,2,3,2,3,281,AVE DE LA LIBERATION,,,,330,4,0.0,0.0,,1,1,,,0,1,1,0,30,1,0,1,0
200800012248,8,3,4,1802,1,2,2,1,3,281,AVE DU MARECHAL LECLERC,,,,330,4,0.0,0.0,,2,2,,,0,1,1,0,60,1,0,1,0
200800012249,8,3,8,200,5,2,3,2,6,63,"50-52, RUE DE LA COURSE",,,,330,4,0.0,0.0,,1,2,,,0,1,3,0,75,2,0,1,0
200800012250,8,3,10,1325,1,2,2,1,3,63,RUE PEYRONNET,,,,330,4,0.0,0.0,,1,1,,,0,1,1,0,0,1,0,1,0
200800012251,8,3,2,1140,1,2,3,1,3,281,AVE FRANOIS MITTERRAND,,,,330,4,0.0,0.0,,2,2,,,2,1,1,42,88,1,0,1,0
200800012252,8,3,1,2310,5,2,2,1,6,167,RUE FRANCOIS MAURIAC,,,,330,4,0.0,0.0,,2,2,,,0,1,1,0,58,1,0,1,0
200800012253,8,3,7,2205,5,2,2,2,3,63,BD DU PRESIDENT WILSON,,,,330,4,0.0,0.0,,1,2,,,0,1,1,0,0,2,0,1,3
200800012254,8,3,7,1515,1,2,1,1,2,63,"29, CRS DE LA SOMME",,,,330,4,0.0,0.0,,2,2,,,0,1,1,0,0,1,0,1,0
200800012255,8,3,7,1713,1,2,3,1,3,167,RUE DE LA GRAVETTE,,,,330,4,0.0,0.0,,2,1,,,0,1,1,0,63,1,0,1,0
200800012256,8,3,10,1420,1,2,2,2,3,63,RUE JEAN ARTUS,,,,330,4,0.0,0.0,,2,2,,,0,1,1,0,61,2,0,0,0
200800012257,8,3,11,1053,1,2,2,3,6,63,RUE BERNARD ADOUR CAUD,,,,330,4,0.0,0.0,,3,4,,,0,1,1,0,0,2,0,1,0
200800012258,8,3,6,752,1,2,3,1,6,522,CRS DE LA LIBERATION,,,,330,4,0.0,0.0,,2,4,,,0,1,1,0,174,1,0,1,0
200800012259,8,3,12,1745,1,2,1,1,6,63,"13, RUE CLARE",,,,330,4,0.0,0.0,,2,2,,,0,1,1,0,64,1,0,1,0
200800012260,8,3,12,1325,1,2,2,2,3,63,RUE NICOT,,,,330,4,0.0,0.0,,1,1,,,0,1,1,0,32,2,0,1,0
200800012261,8,3,13,850,1,2,2,2,3,63,RUE LAMOUROUS,,,,330,4,0.0,0.0,,1,1,,,0,1,1,0,73,2,0,1,0
200800012262,8,3,14,2130,5,2,1,1,7,63,BD GODARD,,,,330,4,0.0,0.0,,3,4,,,0,1,1,28,72,1,0,1,0
200800012263,8,3,14,1915,1,2,1,1,3,63,"80, AVE THIERS",,,,330,4,0.0,0.0,,2,4,,,1,1,1,0,0,1,0,5,0
200800012264,8,3,15,2045,5,2,2,1,3,63,CRS BALGUERIE STUTTENBER,,,,330,4,0.0,0.0,,2,2,,,0,1,1,0,100,2,0,1,0
200800012265,8,3,14,1645,1,2,3,1,6,39,RUE HIPPOLYTE TANDONNET,,,,330,4,0.0,0.0,,2,4,,,0,1,1,30,108,1,0,1,0
200800012266,8,3,14,725,1,2,1,1,7,63,"225, AVE THIERS",,,,330,4,0.0,0.0,,1,2,,,0,1,1,0,0,1,0,1,0
200800012267,8,3,17,915,1,2,1,1,6,63,"1 / 2, QUAI RICHELIEU",,,,330,4,0.0,0.0,,3,3,,,0,1,1,0,0,1,4,1,0
200800012268,8,3,5,1905,2,2,1,1,3,167,RUE DE LA GABARE,,,,330,4,0.0,0.0,,2,3,,,0,1,1,0,116,1,0,1,0
200800012269,8,3,17,930,1,2,1,1,2,63,SQ DES COMMANDOS DE FRAN,,,,330,4,0.0,0.0,,3,2,,,0,4,2,0,0,1,0,1,0
200800012270,8,3,17,850,1,2,1,1,7,63,"04, RUE CAPDEVILLE",,,,330,4,0.0,0.0,,2,2,,,0,1,1,0,59,1,0,4,0
200800012271,8,3,4,1845,1,2,3,1,3,318,AVE DE COLLEGNO,,,,330,4,0.0,0.0,,2,3,,,0,1,1,0,93,1,0,0,0
200800012272,8,3,5,1750,1,2,2,1,6,318,AVE ANTOINE BECQUEREL,,,,330,4,0.0,0.0,,2,3,,,0,1,1,0,110,1,0,1,0
200800012273,8,3,17,2055,5,2,1,8,2,63,PONT DE PIERRE,,,,330,4,0.0,0.0,,3,2,,,1,1,1,66,62,1,2,1,0
200800012274,8,3,17,1545,1,2,2,1,3,63,RUE LUCIEN FAURE,,,,330,4,0.0,0.0,,2,4,,,0,1,1,40,150,1,0,1,0
200800012275,8,3,1,2150,5,2,3,1,3,522,AVE DE THOUARS,,,,330,4,0.0,0.0,,2,2,,,0,1,1,0,120,1,0,1,0
200800012276,8,3,5,1425,1,2,1,1,6,281,"8, AVE HENRY LE CHATELIE",,,,330,4,0.0,0.0,,2,2,,,0,4,2,0,108,1,0,1,0
200800012277,8,3,14,1909,2,2,1,1,3,318,AVE DU HAUT LEVEQUE,,,,330,4,0.0,0.0,,2,4,,,0,1,1,0,0,1,0,1,0
200800012278,8,3,12,1600,1,2,1,1,3,39,CHEM CHATRY,,,,330,4,0.0,0.0,,2,2,,,0,1,1,0,608,1,0,1,0
200800012279,8,3,6,1315,1,2,3,1,2,281,AVE DE LA LIBERATION,,,,330,4,0.0,0.0,,2,2,,,0,1,1,0,68,1,0,1,0
200800012280,8,3,8,1,5,2,2,2,3,63,CRS DU MARECHAL GALLIENI,,,,330,4,0.0,0.0,,2,2,,,0,1,1,0,0,2,0,1,0
200800012281,8,3,10,1745,1,2,3,2,3,550,RTE DE TOULOUSE,,,,330,4,0.0,0.0,,1,1,,,0,1,1,0,62,2,0,1,0
200800012282,8,3,11,804,1,2,1,3,6,522,"39, RUE ROBESPIERRE",,,,330,4,0.0,0.0,,2,2,,,0,1,1,0,78,2,0,1,0
200800012283,8,3,9,1109,1,2,1,2,6,522,RUE FRANCOIS RABELAIS,,,,330,4,0.0,0.0,,2,2,,,0,1,1,0,118,2,0,1,0
200800012284,8,3,4,1303,1,2,1,1,7,192,AVE DU MARECHAL JUIN,,,,330,4,0.0,0.0,,2,0,,,0,1,1,0,70,1,0,1,3
200800012285,8,3,8,1900,5,2,1,1,3,281,AVE MAL DE LATTRE DE TAS,,,,330,4,0.0,0.0,,2,2,,,2,1,1,0,89,1,0,1,0
200800012286,8,3,18,1915,2,2,1,1,2,63,"50, BD DU PDT FRANKLIN R",,,,330,4,0.0,0.0,,3,4,,,1,1,1,0,0,1,0,1,0
200800012287,8,3,18,2250,5,2,1,1,2,63,"60, CRS DE VERDUN",,,,330,4,0.0,0.0,,3,3,,,0,1,1,0,90,1,0,1,0
200800012288,8,3,18,2335,5,2,1,1,7,281,AVE FRANOIS MITTERRAND,,,,330,4,0.0,0.0,,1,1,,,0,1,1,0,0,1,0,0,0
200800012289,8,3,14,1045,1,2,2,1,2,550,RUE GUYNEMER,,,,330,4,0.0,0.0,,2,2,,,0,1,1,0,0,1,0,0,0
200800012290,8,3,19,745,1,2,3,1,3,63,BD DU PRESIDENT WILSON,,,,330,4,0.0,0.0,,2,4,,,0,1,1,0,113,1,0,0,0
200800012291,8,3,19,1345,1,2,2,1,3,192,RUE DE LAURENZANE,,,,330,4,0.0,0.0,,2,2,,,0,1,1,0,59,1,0,1,0
200800012292,8,3,18,1043,1,2,6,1,6,119,AVE RENE CASSAGNE,,,,330,4,0.0,0.0,,3,2,,,0,1,2,0,0,1,5,1,0
200800012293,8,3,15,1120,1,2,6,1,3,281,AVE DU MARECHAL LECLERC,,,,330,4,0.0,0.0,,2,2,,,0,1,2,0,0,1,5,1,0
200800012294,8,3,20,1815,1,2,2,1,3,63,RUE DE PATAY,,,,330,4,0.0,0.0,,1,1,,,0,1,1,0,48,1,0,1,0
200800012295,8,3,21,930,1,2,2,2,3,63,RUE DU VELODROME CAUD,,,,330,4,0.0,0.0,,1,1,,,0,1,1,0,33,2,0,1,0
200800012296,8,3,21,2020,5,2,3,1,3,63,RUE PASTEUR CAUD,,,,330,4,0.0,0.0,,1,1,,,2,1,1,0,48,2,0,5,0
200800012297,8,3,23,600,2,2,1,1,2,63,"01, QUAI LOUIS XVIII",,,,330,4,0.0,0.0,,3,2,,,0,1,1,0,0,1,0,1,0
200800012298,8,3,16,105,5,2,1,1,6,281,"40, AVE DU MARECHAL JOFF",,,,330,4,0.0,0.0,,2,2,,,0,1,1,0,84,1,0,1,0
200800012299,8,3,21,650,2,2,2,2,3,63,AVE MAL DE LATTRE TASSIG,,,,330,4,0.0,0.0,,2,2,,,0,1,1,0,0,2,0,1,0
200800012300,8,3,25,2230,5,2,2,1,6,63,RUE DUCAU,,,,330,4,0.0,0.0,,1,1,,,0,1,1,0,48,2,0,1,0
200800012301,8,3,19,1435,1,2,1,1,4,167,AVE HUBERT DUBEDOUT,,,,330,4,0.0,0.0,,2,2,,,0,1,1,0,70,1,0,1,0
200800012302,8,3,23,720,2,2,1,1,6,63,"32, QUAI DES CHARTRONS",,,,330,4,0.0,0.0,,2,3,,,0,1,1,0,0,1,0,1,0
200800012303,8,3,19,730,1,2,1,1,6,550,"48, AVE DES PYRENEES",,,,330,2,0.0,0.0,,3,2,,,0,1,1,20,110,1,0,1,0
200800012304,8,3,19,840,1,2,3,1,3,69,AVE DE LA LIBERATION-CH.,,,,330,4,0.0,0.0,,1,1,,,0,1,1,0,74,1,0,1,0
200800012305,8,3,25,2040,5,2,3,1,3,63,CRS DE L'YSER,,,,330,4,0.0,0.0,,1,1,,,0,1,1,0,50,1,0,1,0
200800012306,8,3,26,1740,1,2,3,2,1,63,"74, CRS VICTOR HUGO",,,,330,4,0.0,0.0,,2,2,,,0,1,1,0,52,2,0,1,0
200800012307,8,3,24,1830,2,2,6,2,2,281,AVE DE L'ARGONNE,,,,330,4,0.0,0.0,,3,2,,,0,1,1,0,0,2,5,1,0
200800012308,8,3,19,1250,1,2,1,1,2,281,AVE PRESIDENT J.F. KENNE,,,,330,4,0.0,0.0,,2,3,,,0,1,1,4,30,1,0,1,0
200800012309,8,3,28,123,5,2,1,1,6,63,"140, RUE DE BELFORT",,,,330,4,0.0,0.0,,1,1,,,0,1,1,0,75,1,0,1,0
200800012310,8,3,28,830,1,2,1,2,4,63,"153, BD DU PRESIDENT WIL",,,,330,4,0.0,0.0,,3,4,,,2,1,1,3,160,2,0,1,0
200800012311,8,3,28,1735,1,2,3,1,3,63,CRS VICTOR HUGO,,,,330,4,0.0,0.0,,1,2,,,0,1,1,0,62,1,0,1,0
200800012312,8,3,28,845,1,2,6,2,6,63,RUE VITAL-MAREILLE,,,,330,4,0.0,0.0,,2,2,,,0,1,1,0,0,2,0,1,0
200800012313,8,3,30,322,5,2,1,8,4,63,"6, QUAI DE LA GRAVE",,,,330,4,0.0,0.0,,3,3,,,0,1,1,0,0,1,0,1,0
200800012314,8,3,28,1755,1,2,1,1,6,63,"19, RUE ETOBON CHENEBIER",,,,330,4,0.0,0.0,,1,1,,,0,1,1,0,61,1,0,1,0
200800012315,8,3,28,1700,1,2,1,1,6,63,"155, BD GODARD",,,,330,4,0.0,0.0,,3,4,,,0,1,1,0,0,2,0,1,0
200800012316,8,3,29,725,1,2,1,1,2,63,PONT DE PIERRE,,,,330,4,0.0,0.0,,1,2,,,2,1,1,0,63,1,2,1,0
200800012317,8,3,31,1020,1,2,1,1,3,63,"07, RUE PERE DIEUZAIDE",,,,330,4,0.0,0.0,,2,2,,,0,1,1,0,0,1,0,1,0
200800012318,8,3,24,1740,1,2,4,2,3,550,CHEM DE PAUGE,,,,330,4,0.0,0.0,,1,1,,,0,1,1,0,35,2,0,1,0
200800012319,8,3,25,1645,1,2,1,1,6,69,"13, BD PIERRE 1ER",,,,330,4,0.0,0.0,,2,4,,,2,1,1,0,0,1,0,1,0
200800012320,8,3,25,2037,5,2,2,1,3,281,AVE GAMBETTA,,,,330,4,0.0,0.0,,2,2,,,0,1,1,0,60,2,0,1,0
200800012321,8,3,24,2250,5,2,2,1,3,39,RUE HENRI WALLON,,,,330,4,0.0,0.0,,1,1,,,0,1,1,0,0,1,0,1,0
200800012322,8,3,27,915,1,2,1,2,2,69,AVE DE LA LIBERATION-CH.,,,,330,4,0.0,0.0,,2,2,,,0,1,1,0,0,2,0,1,0
200800012323,8,3,30,1552,1,2,2,2,3,69,AVE DE TIVOLI,,,,330,4,0.0,0.0,,2,2,,,0,1,1,0,89,2,0,1,0
200800012324,8,3,27,1805,1,2,3,1,3,39,RUE CHEVALIER DE LA BARR,,,,330,4,0.0,0.0,,2,2,,,0,1,1,0,53,1,0,1,0
200800012325,8,3,31,805,2,2,1,2,3,281,AVE MARCEL DASSAULT,,,,330,4,0.0,0.0,,2,3,,,2,2,1,0,98,2,0,1,0
200800012326,8,3,31,2215,5,2,4,1,3,39,RUE LOUIS BLERIOT,,,,330,4,0.0,0.0,,2,2,,,0,1,2,0,100,1,0,1,0
200800012327,8,3,28,1411,1,2,1,2,6,522,AVE ROUL,,,,330,4,0.0,0.0,,2,3,,,0,1,1,0,90,2,0,1,0
200800012328,8,3,1,1550,1,2,6,1,2,243,GAULLE(AVENUE DU GENERAL,,,,330,4,0.0,0.0,,2,2,,,0,1,0,0,58,1,5,0,0
200800012329,8,3,19,1435,1,2,6,1,3,243,"61, GAULLE(AVENUE DU GEN",,,,330,4,0.0,0.0,,2,2,,,0,1,1,0,0,1,5,1,99
200800012330,8,3,27,1830,1,2,2,2,1,243,"147, MARNE(RUE DE LA)",,,,330,4,0.0,0.0,,2,1,,,0,1,1,0,59,2,5,1,99
200800012331,8,3,28,1415,1,2,2,2,3,243,"71, GALLIENI(AVENUE)",,,,330,4,0.0,0.0,,2,2,,,0,1,1,0,54,2,0,1,99
200800014658,8,3,1,1137,1,1,1,2,7,122,AUTOROUTE A 63,,,,330,1,63.0,0.0,,3,4,6.0,500.0,0,1,1,0,210,2,0,1,99
200800014659,8,3,3,1815,1,1,1,1,3,249,ROUTE NATIONALE 230,,,,330,2,230.0,0.0,,3,6,43.0,500.0,0,1,1,0,210,1,0,1,0
200800014660,8,3,3,1825,1,1,1,1,7,550,ROCADE A 630,,,,330,1,630.0,0.0,,1,2,29.0,750.0,0,1,2,0,70,1,3,1,99
200800014661,8,3,3,2140,5,1,1,2,2,162,ROCADE A 630,,,,330,1,630.0,0.0,,3,4,12.0,500.0,0,1,1,60,140,2,0,1,99
200800014662,8,3,5,1650,2,1,1,1,2,550,ROCADE A 630,,,,330,1,630.0,0.0,,3,6,30.0,800.0,0,1,1,0,210,1,0,1,99
200800014663,8,3,8,1435,1,1,1,1,6,249,ROCADE A 630,,,,330,1,630.0,0.0,,3,4,0.0,500.0,0,1,3,15,140,1,3,1,0
200800014664,8,3,8,1620,1,1,1,1,5,192,AUTOROUTE A 63,,,,330,1,63.0,0.0,,3,5,0.0,800.0,0,1,1,100,175,1,0,1,99
200800014665,8,3,9,1620,1,1,1,2,6,550,ROCADE A 630,,,,330,1,630.0,0.0,,3,4,31.0,150.0,0,1,2,15,140,2,3,1,0
200800014666,8,3,10,1830,1,1,1,2,2,550,ROCADE A 630,,,,330,1,630.0,0.0,,3,6,31.0,0.0,0,1,1,0,210,2,0,1,99
200800014667,8,3,11,1255,1,1,1,2,7,318,AUTOROUTE A 63,,,,330,1,63.0,0.0,,3,4,0.0,250.0,0,1,3,15,140,2,3,1,0
200800014668,8,3,11,1535,1,1,1,2,2,550,ROCADE A 630,,,,330,1,630.0,0.0,,3,6,30.0,0.0,0,1,1,20,210,2,0,1,99
200800014669,8,3,11,1755,1,1,1,1,2,550,ROCADE A 630,,,,330,1,630.0,0.0,,3,6,30.0,0.0,0,1,1,15,210,1,0,1,0
200800014670,8,3,13,800,1,1,1,2,3,167,ROUTE NATIONALE 230,,,,330,2,230.0,0.0,,3,6,36.0,800.0,0,1,1,15,210,2,0,1,0
200800014671,8,3,13,1230,1,1,1,1,5,281,ROCADE A 630,,,,330,1,630.0,0.0,,3,4,16.0,800.0,0,1,1,0,140,1,0,1,99
200800014672,8,3,14,1200,1,1,1,1,6,96,AUTOROUTE A 10,,,,330,1,10.0,0.0,,1,6,542.0,400.0,0,1,1,15,210,1,0,1,0
200800014673,8,3,14,2235,5,1,1,1,7,162,ROCADE A 630,,,,330,1,630.0,0.0,,3,4,12.0,0.0,0,1,1,0,140,1,0,1,99
200800014674,8,3,15,1435,1,1,1,2,6,550,ROCADE A 630,,,,330,1,630.0,0.0,,3,6,31.0,500.0,0,1,1,15,210,2,0,1,0
200800014675,8,3,15,2215,5,1,1,2,6,39,ROCADE A 630,,,,330,1,630.0,0.0,,1,2,34.0,0.0,0,1,4,10,70,2,3,1,99
200800014676,8,3,16,2110,5,1,1,1,6,550,ROCADE A 630,,,,330,1,630.0,0.0,,0,4,28.0,300.0,0,1,1,10,140,2,0,1,99
200800014677,8,3,18,710,1,1,1,1,3,162,ROCADE A 630,,,,330,1,630.0,0.0,,3,4,10.0,501.0,0,1,1,15,140,1,0,1,0
200800014678,8,3,22,620,5,1,1,2,6,487,AUTOROUTE A 10,,,,330,1,10.0,0.0,,3,6,534.0,407.0,0,2,1,15,210,2,0,1,0
200800014679,8,3,22,1925,2,1,1,3,6,550,ROCADE A 630,,,,330,1,630.0,0.0,,1,1,31.0,0.0,0,2,2,0,25,2,3,0,0
200800014680,8,3,24,530,5,1,1,2,6,192,ROCADE A 630,,,,330,1,630.0,0.0,,3,6,27.0,600.0,0,1,1,15,210,2,0,1,0
200800014681,8,3,24,608,5,1,1,2,6,550,ROCADE A 630,,,,330,1,630.0,0.0,,3,3,31.0,0.0,0,2,2,0,105,2,3,1,0
200800014682,8,3,24,1205,1,1,1,2,6,249,ROUTE NATIONALE 230,,,,330,2,230.0,0.0,,1,2,44.0,100.0,0,1,3,0,70,2,2,1,0
200800014683,8,3,24,2040,5,1,1,2,6,550,ROCADE A 630,,,,330,1,630.0,0.0,,3,4,31.0,250.0,0,1,2,15,140,2,0,1,0
200800014684,8,3,25,845,1,1,1,3,6,318,ROCADE A 630,,,,330,1,630.0,0.0,,1,20,25.0,100.0,0,1,2,0,70,2,3,1,0
200800014685,8,3,25,1025,1,1,1,3,6,318,ROCADE A 630,,,,330,1,630.0,0.0,,1,2,25.0,0.0,0,1,2,0,70,2,3,1,0
200800014686,8,3,26,1530,1,1,1,2,7,318,ROCADE A 630,,,,330,1,630.0,0.0,,1,2,25.0,0.0,0,2,2,0,70,2,3,1,0
200800014687,8,3,28,440,5,1,1,2,2,192,ROCADE A 630,,,,330,1,630.0,0.0,,3,4,26.0,500.0,0,1,1,15,140,2,0,1,0
200800014688,8,3,29,1830,1,1,1,1,6,122,ROUTE NATIONALE 230,,,,330,2,230.0,0.0,,3,6,42.0,400.0,0,1,1,15,210,1,0,1,0
200800014689,8,3,30,730,1,1,1,1,2,550,ROCADE A 630,,,,330,1,630.0,0.0,,3,6,29.0,800.0,0,1,1,15,210,1,0,1,0
200800014690,8,3,30,1442,5,1,1,2,7,433,AUTOROUTE A 10,,,,330,1,10.0,0.0,,3,6,529.0,650.0,0,1,1,15,210,2,0,1,99
200800014691,8,3,31,1115,1,1,1,2,7,318,AUTOROUTE A 63,,,,330,1,63.0,0.0,,3,4,0.0,500.0,0,1,1,15,140,2,3,0,0
200800015902,8,3,19,1345,1,1,1,1,6,29,,M,0.0,0.0,330,3,108.0,2.0,E,2,2,7.0,0.0,0,1,1,0,65,1,0,3,0
200800015903,8,3,21,815,1,2,3,2,3,519,Rue de la Haye,M,44.918,-0.678,330,4,0.0,0.0,,2,2,0.0,0.0,0,1,1,0,70,2,0,1,0
200800015904,8,3,28,830,1,2,1,8,6,519,110 AVENUE DU STADE,M,0.0,0.0,330,4,0.0,0.0,,2,2,0.0,0.0,0,1,1,0,57,2,0,1,0
200800015905,8,3,7,900,1,2,6,1,3,449,RdPt Dupoirier,M,0.0,0.0,330,3,211.0,0.0,,2,2,0.0,0.0,0,1,2,0,70,0,5,1,0
200800015906,8,3,5,1630,1,1,2,1,3,530,,M,45.102,-0.543,330,3,250.0,0.0,,2,2,8.0,500.0,0,2,1,0,52,1,0,1,0
200800015907,8,3,27,1700,1,1,1,8,3,151,,M,0.0,0.0,330,3,253.0,0.0,,2,0,0.0,0.0,0,2,1,0,60,2,0,1,0
200800015908,8,3,31,1215,1,1,1,1,1,267,,M,45.277,-0.526,330,3,254.0,0.0,,2,2,14.0,300.0,0,2,2,0,61,2,0,1,0
200800015909,8,3,2,545,3,2,1,1,6,492,26 rue du college 33920,M,45.142,-0.416,330,4,0.0,0.0,,2,2,0.0,0.0,0,1,3,0,74,1,0,0,0
200800015910,8,3,1,1530,1,2,1,2,6,40,Avenue de la LIBERATION,M,44.64,-0.32,330,3,10.0,0.0,,2,0,105.0,990.0,0,1,1,0,50,2,0,1,0
200800015911,8,3,9,500,3,1,1,1,7,253,,M,44.631,-0.307,330,3,10.0,0.0,,2,2,108.0,200.0,0,1,2,0,70,1,0,3,0
200800015912,8,3,10,2330,3,1,1,2,6,176,,M,0.0,0.0,330,3,229.0,0.0,,0,2,0.0,600.0,0,1,3,0,55,2,0,3,0
200800015913,8,3,24,15,5,2,1,2,1,81,CD 230,M,44.64,-0.3,330,3,230.0,0.0,,2,2,0.0,890.0,0,1,2,0,68,2,0,1,0
200800015914,8,3,22,1530,1,1,1,1,1,448,,M,44.714,-0.493,330,3,214.0,0.0,,2,1,18.0,100.0,0,1,1,0,58,9,0,1,0
200800015915,8,3,2,715,5,2,1,1,6,381,CHEMIN DU PETIT MAITRE,M,44.751,-0.43,330,4,0.0,0.0,,2,2,0.0,0.0,0,1,0,0,0,1,0,1,0
200800015916,8,3,9,830,1,1,1,1,6,140,,M,44.784,-0.337,330,3,121.0,0.0,,2,0,53.0,750.0,0,1,1,0,56,1,0,3,0
200800015917,8,3,12,1300,1,2,1,2,6,140,face au 44 bd de verdun,M,44.777,-0.346,330,4,1.0,0.0,,2,2,0.0,0.0,0,1,1,0,47,2,0,4,3
200800015918,8,3,20,815,1,2,1,1,3,363,Chemin de Farizeau,M,0.0,0.0,330,4,0.0,0.0,,0,0,0.0,0.0,0,0,1,0,0,1,0,1,0
200800015919,8,3,26,1300,1,2,1,2,3,140,RD 671 FACE ETS PEUGEOT,M,0.0,0.0,330,3,671.0,0.0,,2,2,0.0,0.0,0,1,1,0,55,2,0,1,0
200800015920,8,3,9,100,3,1,1,1,6,535,,M,0.0,0.0,330,3,936.0,0.0,,2,0,8.0,200.0,0,1,3,0,72,1,0,1,0
200800015921,8,3,22,1130,1,2,1,1,6,13,Avenue du perigord,M,0.0,0.0,330,3,115.0,0.0,,2,2,0.0,0.0,0,1,1,50,0,1,0,1,0
200800015922,8,3,4,1100,1,1,1,2,6,501,,M,44.669,-0.558,330,3,108.0,0.0,,2,2,18.0,500.0,0,1,1,0,61,2,0,1,0
200800015923,8,3,28,1630,1,1,1,3,1,120,,M,44.638,-0.326,330,3,11.0,0.0,,2,0,0.0,0.0,0,2,2,60,0,2,2,1,0
200800015924,8,3,10,900,1,2,1,1,2,36,COURS Marechal Foch,M,44.435,-0.215,330,3,932.0,0.0,,2,2,0.0,0.0,0,1,3,0,0,1,0,1,0
200800015925,8,3,27,1800,1,1,1,9,6,36,,M,44.452,-0.235,330,2,524.0,0.0,,3,2,12.0,600.0,0,1,1,32,72,2,0,1,0