Num_Acc,an,mois,jour,hrmn,lum,agg,int,atm,col,com,adr,gps,lat,long,dep,catr,voie,v1,v2,circ,nbv,pr,pr1,vosp,prof,plan,lartpc,larrout,surf,infra,situ,env1
200800028047,8,5,15,1830,1,1,1,1,3,267,,M,0.0,0.0,330,3,23.0,0.0,,2,2,15.0,300.0,0,1,1,0,60,1,0,1,0
200800028048,8,5,30,1900,1,1,1,1,1,416,,M,0.0,0.0,330,3,134.0,0.0,,2,2,0.0,0.0,0,1,3,0,59,1,0,1,0
200800028049,8,5,26,945,1,1,1,1,2,3,,M,44.918,-0.411,330,3,242.0,0.0,,2,2,5.0,0.0,0,1,1,0,66,1,0,1,0
200800028050,8,5,19,2015,1,2,1,1,2,3,Rue du presidentCoty,M,44.931,-0.49,330,4,0.0,0.0,,4,0,0.0,0.0,0,0,1,0,0,1,0,1,3
200800028051,8,5,4,2030,1,2,1,1,6,463,,M,44.576,-0.195,330,3,1113.0,0.0,,2,2,0.0,0.0,0,2,1,0,82,1,0,1,0
200800028052,8,5,17,2130,5,1,1,1,1,253,,M,44.62,-0.299,330,3,10.0,0.0,,3,2,107.0,915.0,0,1,3,30,80,1,0,1,0
200800028053,8,5,4,2000,1,1,1,1,2,518,,M,44.742,-0.413,330,3,240.0,0.0,,2,2,9.0,1507.0,0,0,1,0,53,1,0,1,0
200800028054,8,5,5,1800,1,2,1,1,1,311,le hameau du chateau,M,44.689,-0.364,330,3,10.0,0.0,,2,0,100.0,350.0,0,1,3,0,70,1,0,1,0
200800028055,8,5,24,1545,1,1,1,1,1,141,,M,44.821,-0.36,330,3,13.0,0.0,,2,2,12.0,400.0,0,2,3,0,45,1,0,1,0
200800028056,8,5,25,1930,1,1,1,8,7,408,,M,0.0,0.0,330,3,20.0,0.0,,2,0,0.0,0.0,0,1,1,0,60,2,0,3,0
200800028057,8,5,28,1230,1,2,1,1,7,145,52 route de Libourne,M,44.807,-0.329,330,3,20.0,0.0,,2,0,9.0,850.0,0,1,1,0,56,1,0,3,0
200800028058,8,5,3,1145,1,1,1,1,6,535,,M,0.0,0.0,330,3,936.0,0.0,,2,0,8.0,500.0,0,2,1,0,72,1,0,3,0
200800028059,8,5,22,1145,1,2,1,1,3,330,route de toutty,M,44.858,-0.439,330,4,0.0,0.0,,0,2,0.0,0.0,0,1,1,0,52,1,5,1,0
200800028060,8,5,23,1700,1,1,7,2,6,366,,M,45.018,-0.441,330,6,0.0,0.0,,0,0,0.0,0.0,0,1,0,0,0,3,0,0,0
200800028061,8,5,26,1015,1,2,2,1,3,433,Avenue Pasteur,M,44.917,-0.394,330,3,115.0,0.0,,2,0,0.0,0.0,0,2,1,0,0,1,5,1,0
200800028062,8,5,3,1830,1,1,1,1,7,457,,M,44.543,-0.202,330,3,116.0,0.0,,2,1,0.0,0.0,0,1,1,0,0,9,0,1,0
200800028063,8,5,24,1530,1,2,1,1,1,227,rue Saint Gervais,M,0.0,0.0,330,4,0.0,0.0,,1,1,0.0,0.0,0,2,3,0,30,1,5,1,0
200800028064,8,5,1,1900,1,1,1,1,1,244,,M,44.443,-0.273,330,3,110.0,0.0,,2,2,64.0,300.0,0,1,3,0,46,1,0,1,0
200800028065,8,5,15,1000,1,2,1,1,5,305,NIZAN GARE CD 3,M,44.467,-0.291,330,3,3.0,0.0,,2,0,0.0,0.0,0,0,1,0,0,1,0,1,0
200800028066,8,5,16,1545,1,2,1,1,6,36,rampe du pont des arches,M,44.43,-0.21,330,9,0.0,0.0,,2,2,0.0,0.0,0,4,3,0,0,1,0,4,0
200800028067,8,5,30,1200,1,1,1,1,1,36,,M,44.419,-0.218,330,2,524.0,0.0,,2,2,16.0,700.0,0,1,1,0,52,1,5,1,0
200800028068,8,5,10,1800,1,2,1,1,7,484,Rue du Magnolia,M,0.0,0.0,330,4,0.0,0.0,,2,2,0.0,0.0,0,1,1,0,45,9,0,1,0
200800028069,8,5,24,1530,1,2,1,8,2,251,28 Route des Tuileries,M,0.0,0.0,330,3,110.0,0.0,,2,0,39.0,300.0,0,1,2,0,50,2,0,1,0
200800028070,8,5,10,900,1,1,1,1,1,38,,M,45.373,-0.897,330,3,201.0,0.0,,2,2,6.0,792.0,0,1,1,0,44,1,0,1,0
200800028071,8,5,17,2230,3,1,2,1,1,177,,M,45.292,-0.956,330,3,3.0,0.0,,2,0,0.0,0.0,0,1,1,0,70,1,0,1,0
200800028072,8,5,4,430,3,1,1,1,7,297,,M,45.033,-0.826,330,3,207.0,0.0,,2,2,1.0,680.0,0,1,1,0,56,1,0,3,0
200800028073,8,5,3,1900,1,2,1,7,1,220,rue Principale,M,45.1,-0.717,330,3,5.0,0.0,,2,2,0.0,0.0,0,1,1,0,48,1,0,1,0
200800028074,8,5,6,1830,1,2,1,1,2,256,,M,44.971,-0.618,330,4,0.0,0.0,,2,2,0.0,0.0,0,1,3,0,40,1,0,1,0
200800028075,8,5,24,1330,1,1,1,1,3,314,,M,0.0,0.0,330,3,1215.0,0.0,,2,2,0.0,0.0,0,1,1,0,65,2,5,1,0
200800028076,8,5,31,1630,1,1,1,1,5,545,,M,45.226,-0.874,330,3,1215.0,0.0,,2,0,0.0,0.0,0,1,1,0,75,1,0,1,0
200800028077,8,5,29,1430,1,2,1,1,6,208,ROUTE DE ST VIVIEN,M,45.423,-0.975,330,3,103.0,0.0,,2,2,0.0,0.0,0,1,1,0,65,1,5,1,0
200800028078,8,5,21,1830,1,2,1,1,6,207,27 av du general  gaulle,M,0.0,0.0,330,3,642.0,0.0,,2,2,0.0,0.0,0,1,1,0,60,1,0,1,0
200800028079,8,5,1,945,1,1,1,1,3,185,,M,44.856,-0.235,330,3,18.0,0.0,,2,2,62.0,600.0,0,2,1,0,61,1,0,1,0
200800028080,8,5,3,130,3,1,1,1,7,460,,M,44.812,-0.051,330,3,18.0,0.0,,2,1,78.0,700.0,0,1,2,0,58,1,0,1,0
200800028081,8,5,5,1600,1,1,2,1,3,344,,M,44.815,-0.039,330,3,17.0,0.0,,2,1,37.0,790.0,0,1,3,0,60,1,0,1,0
200800028082,8,5,16,1800,1,2,1,1,3,1,Rue des cinq chemins,M,0.0,0.0,330,4,3.0,0.0,,2,0,0.0,0.0,0,2,2,0,0,1,0,1,0
200800028083,8,5,4,345,3,1,1,1,6,62,,M,0.0,0.0,330,3,138.0,0.0,,2,1,1.0,500.0,0,2,2,0,51,1,0,3,0
200800028084,8,5,23,1430,1,2,1,1,3,198,rue pepin / rue du gazot,M,0.0,0.0,330,4,0.0,0.0,,1,0,0.0,0.0,0,1,1,0,52,1,5,1,0
200800029185,8,5,14,1615,1,2,1,1,6,333,chemin de la grele,M,44.879,-1.092,330,4,0.0,0.0,,2,2,0.0,0.0,0,1,1,65,0,1,0,3,0
200800029194,8,5,10,1645,1,1,6,1,3,234,,M,44.8,-0.51,330,3,113.0,0.0,,3,2,27.0,0.0,0,1,1,0,39,1,5,1,0
200800029195,8,5,29,2230,3,1,1,1,7,99,,M,44.812,-0.493,330,3,10.0,4.0,E,2,2,5.0,0.0,0,1,1,0,50,1,0,1,0
200800029292,8,5,20,1000,1,1,1,1,4,199,,M,44.621,-1.088,330,2,250.0,0.0,,2,2,19.0,0.0,0,1,1,0,70,1,0,1,0
200800029298,8,5,25,400,5,2,1,1,2,90,"32, avenue du parc",M,0.0,0.0,330,3,214.0,0.0,,0,0,0.0,0.0,0,0,2,0,68,1,0,4,0
200800029303,8,5,20,1730,1,1,1,1,2,351,,M,0.0,0.0,330,1,10.0,0.0,,3,0,502.0,700.0,3,1,1,0,35,1,0,1,0
200800029304,8,5,31,730,1,1,1,1,2,351,,M,0.0,0.0,330,1,10.0,0.0,,3,2,502.0,280.0,0,1,2,10,70,1,0,1,0
200800029814,8,6,28,2030,1,2,1,1,3,51,AVENUE DE LA LIBERATION,M,0.0,0.0,330,3,3.0,0.0,,2,2,98.0,900.0,0,1,1,0,71,1,0,1,0
200800029815,8,6,12,1300,1,2,1,1,1,56,avenue du G.de GAULLE,M,0.0,0.0,330,3,2.0,0.0,,2,2,0.0,0.0,0,1,1,0,62,1,0,1,0
200800029816,8,6,10,1730,1,2,1,1,3,162,avenue jean mermoz,M,0.0,0.0,330,4,0.0,0.0,,2,0,0.0,0.0,0,0,1,0,68,1,0,1,0
200800029817,8,6,18,900,1,2,3,1,3,162,rue de la pompe,M,0.0,0.0,330,4,0.0,0.0,,2,2,0.0,0.0,0,1,1,0,60,1,5,0,0
200800029818,8,6,27,2045,1,2,1,1,7,162,avenue du Taillan,M,0.0,0.0,330,4,0.0,0.0,,2,2,0.0,0.0,0,2,2,0,55,1,0,3,0
200800029819,8,6,13,1630,1,2,1,1,3,236,51 avenue du medoc,M,44.803,-1.142,330,3,3.0,0.0,,2,2,0.0,0.0,0,1,1,0,67,1,0,1,0
200800029820,8,6,14,615,2,1,1,1,7,376,,M,0.0,0.0,330,3,1215.0,0.0,,2,0,14.0,500.0,0,1,1,0,60,1,0,3,0
200800029821,8,6,6,1415,1,2,1,1,1,325,RD 669,M,45.121,-0.654,330,3,669.0,0.0,,2,0,0.0,0.0,0,1,3,0,0,1,0,4,0
200800029822,8,6,25,1730,1,1,1,1,1,351,,M,0.0,0.0,330,3,132.0,1.0,E,2,0,1.0,350.0,0,0,1,0,60,1,0,1,0
200800029823,8,6,29,2045,1,2,1,1,6,23,Avenue du G. de Gaulle,M,44.715,-0.477,330,3,214.0,0.0,,2,2,19.0,200.0,0,2,1,0,54,1,0,4,3
200800029824,8,6,11,1130,1,1,1,1,3,140,,M,44.771,-0.366,330,3,14.0,0.0,,2,2,12.0,100.0,0,1,3,0,59,1,0,1,0
200800029825,8,6,13,1800,1,1,1,1,7,263,,M,44.767,-0.395,330,3,14.0,0.0,,2,2,9.0,700.0,0,1,1,0,58,1,0,3,0
200800029826,8,6,19,1830,1,1,1,1,3,7,,M,44.67,-0.39,330,3,1113.0,0.0,,2,2,45.0,300.0,0,1,3,0,60,1,0,1,0
200800029827,8,6,3,1630,1,1,1,1,7,36,,M,0.0,0.0,330,3,655.0,0.0,,2,0,0.0,0.0,0,1,1,0,74,1,0,1,0
200800029828,8,6,29,1200,1,1,1,1,3,235,,M,0.0,0.0,330,3,655.0,0.0,,2,0,9.0,0.0,0,1,1,0,70,1,0,1,0
200800029829,8,6,9,1230,1,1,1,1,1,520,,M,0.0,0.0,330,3,124.0,0.0,,2,2,3.0,700.0,0,1,2,0,50,1,0,1,0
200800029830,8,6,19,1430,1,1,1,1,7,516,,M,0.0,0.0,330,3,672.0,0.0,,2,2,0.0,0.0,0,1,3,67,0,1,0,1,0
200800029831,8,6,3,1930,1,1,1,1,6,66,,M,44.554,0.011,330,4,5.0,0.0,,2,1,0.0,0.0,0,1,1,0,32,2,0,0,0
200800029832,8,6,17,1800,1,1,1,1,3,204,,M,44.544,-0.014,330,4,6.0,2.0,,2,1,0.0,0.0,0,1,0,0,0,1,0,1,0
200800029833,8,6,2,1215,1,2,1,8,6,547,Place Gambetta,M,0.0,0.0,330,3,1.0,3.0,,1,1,157.0,450.0,0,1,0,0,0,1,0,1,0
200800029834,8,6,20,1500,1,1,1,1,7,175,,M,0.0,0.0,330,3,231.0,0.0,,2,2,7.0,850.0,0,0,1,0,60,1,0,1,0
200800029835,8,6,28,15,5,2,1,1,6,175,le bourg,M,44.742,-0.162,330,3,231.0,0.0,,2,2,9.0,500.0,0,1,4,0,59,1,0,4,0
200800029836,8,6,28,1545,1,1,1,1,6,506,,M,0.0,0.0,330,3,672.0,0.0,,2,2,0.0,0.0,0,3,2,0,68,1,0,1,0
200800029837,8,6,26,1730,1,2,1,1,7,22,27 RTE DE MARGAUX,M,0.0,0.0,330,3,105.0,0.0,,2,2,0.0,0.0,0,1,2,0,68,1,0,1,0
200800029838,8,6,10,1815,1,2,2,1,3,517,INTER RD2 /RTE BOURICHE,M,45.06,-0.7,330,3,2.0,0.0,,2,2,0.0,0.0,0,2,1,0,65,1,0,1,0
200800029839,8,6,26,1930,1,1,1,1,1,395,,M,45.24,-0.786,330,3,2.0,0.0,,2,2,0.0,0.0,0,4,1,0,69,1,0,1,0
200800029840,8,6,28,1030,1,2,1,1,2,314,Quai LEON PERRIER,M,45.203,-0.749,330,4,1.0,0.0,,2,0,0.0,0.0,0,1,1,0,70,1,0,1,0
200800029841,8,6,8,30,4,2,1,1,6,540,41 route de montalivet,M,45.362,-1.069,330,3,102.0,0.0,,2,2,7.0,500.0,0,1,1,0,55,1,0,3,99
200800029842,8,6,10,945,1,1,1,1,6,174,,M,44.926,-0.271,330,3,670.0,0.0,,2,2,0.0,0.0,0,2,1,0,50,1,0,1,0
200800029843,8,6,16,1000,1,1,1,3,4,539,,M,44.887,-0.335,330,2,89.0,0.0,,3,2,36.0,0.0,0,1,1,0,0,2,0,1,0
200800029844,8,6,20,2245,4,1,1,1,6,328,,M,44.931,-0.228,330,2,1089.0,0.0,,2,2,0.0,0.0,0,0,1,0,37,1,0,1,0
200800029845,8,6,26,700,1,1,2,1,3,222,,M,0.0,0.0,330,3,245.0,1.0,E,2,0,0.0,0.0,0,1,1,76,0,1,5,1,0
200800029846,8,6,25,445,3,1,1,1,3,394,,M,0.0,0.0,330,3,670.0,5.0,E,2,0,0.0,800.0,0,0,1,0,72,1,0,1,0
200800029847,8,6,24,845,1,1,3,1,1,315,,M,0.0,0.0,330,3,21.0,1.0,E,2,2,7.0,289.0,0,4,1,0,0,1,5,0,0
200800029848,8,6,13,1900,1,2,2,1,3,324,Parking Prive LECLERC,M,44.845,0.245,330,5,0.0,0.0,,2,0,0.0,0.0,0,1,1,0,63,1,0,1,0
200800029849,8,6,27,1430,1,2,1,1,3,402,AVENUE LA GARE,M,0.0,0.0,330,4,0.0,0.0,,0,0,0.0,0.0,0,1,1,0,0,1,0,1,0
200800029850,8,6,18,1715,1,1,1,1,2,219,,M,44.977,-0.387,330,3,670.0,0.0,,2,2,0.0,0.0,0,1,1,0,88,1,0,1,0
200800030998,8,6,13,845,1,1,1,1,1,199,,M,44.577,-1.062,330,3,652.0,0.0,,2,1,20.0,700.0,0,1,1,0,73,1,0,1,0
200800031014,8,6,14,2300,5,2,3,1,3,229,Allee BERTHOUD,M,0.0,0.0,330,3,3.0,0.0,,2,2,87.0,660.0,0,1,1,0,75,1,0,1,0
200800031051,8,6,30,1030,1,1,1,1,1,474,,M,44.678,-0.476,330,1,62.0,0.0,,0,0,0.0,0.0,0,1,1,0,0,1,7,1,0
200800031089,8,6,1,545,2,1,1,3,3,321,,M,0.0,0.0,330,1,10.0,0.0,A,1,2,523.0,500.0,0,1,1,15,70,2,0,1,0
200800032282,8,6,1,1423,1,2,1,1,6,529,"31, JUILLET (RUE DU 14)",,,,330,4,0.0,0.0,,1,1,,,0,1,1,0,60,1,0,4,99
200800032283,8,6,14,1800,1,1,1,1,3,529,CAZAUX (BD DE) DU 02 ET,,,,330,3,0.0,0.0,,2,2,9.0,441.0,0,1,1,0,115,1,0,1,99
200800032284,8,6,13,2235,4,2,1,1,6,9,"49-51, PARC (AVE DU)",,,,330,4,0.0,0.0,,2,2,,,0,2,1,0,50,1,0,1,99
200800032285,8,6,24,1930,1,2,1,1,3,529,"., RN 250 (OUSTALET - BO",,,,330,2,0.0,0.0,,2,2,,,0,1,1,0,60,1,0,1,99
200800032286,8,6,3,840,1,2,2,1,3,9,ABATILLES (AVE),,,,330,4,0.0,0.0,,2,2,,,0,1,1,0,60,1,0,1,99
200800032287,8,6,22,1335,5,2,1,2,6,529,"., LECLERC (AVE DU GAL)",,,,330,4,0.0,0.0,,2,2,,,0,1,1,0,64,2,0,1,99
200800032288,8,6,1,110,5,2,1,1,3,63,"352, AVE MAL DE LATTRE T",,,,330,4,0.0,0.0,,2,2,,,0,1,1,0,90,1,0,1,0
200800032289,8,6,1,1520,1,2,1,1,3,63,"128, BD GEORGE V",,,,330,4,0.0,0.0,,3,4,,,0,1,1,0,160,1,0,1,0
200800032290,8,6,2,1730,1,2,1,1,6,63,"7, CRS DE L'YSER",,,,330,4,0.0,0.0,,2,3,,,0,1,1,0,91,1,0,1,0
200800032291,8,6,2,1030,1,2,1,1,4,63,"80, BD DU PRESIDENT WILS",,,,330,4,0.0,0.0,,1,5,,,2,1,1,0,103,1,0,1,0
200800032292,8,6,3,800,1,2,3,2,3,63,CRS D'ALBRET,,,,330,4,0.0,0.0,,1,1,,,0,1,1,0,0,1,0,1,0
200800032293,8,6,3,2100,2,2,3,8,3,63,AVE MAL DE LATTRE TASSIG,,,,330,4,0.0,0.0,,2,3,,,2,1,1,0,130,1,0,1,3
200800032294,8,6,4,950,1,2,1,1,2,63,"14, CRS PORTAL",,,,330,4,0.0,0.0,,2,2,,,0,1,1,0,0,1,0,1,0
200800032295,8,6,1,15,5,2,1,1,6,192,RUE NAUDET,,,,330,4,0.0,0.0,,2,2,,,0,1,1,0,0,2,5,4,0
200800032296,8,6,7,100,5,2,1,1,2,63,"08, BD ALBERT 1ER",,,,330,4,0.0,0.0,,3,2,,,0,1,1,0,120,1,0,1,0
200800032297,8,6,6,2245,5,2,1,1,6,119,RUE DU PROFESSEUR LANGEV,,,,330,4,0.0,0.0,,2,2,,,0,1,1,0,56,1,0,1,0
200800032298,8,6,6,1125,1,2,2,1,6,63,CRS SAINT LOUIS,,,,330,4,0.0,0.0,,1,2,,,2,1,1,0,113,1,0,1,0
200800032299,8,6,6,2200,5,2,1,1,6,63,"05, AVE THIERS",,,,330,4,0.0,0.0,,3,2,,,0,1,1,0,125,1,0,1,0
200800032300,8,6,6,2100,2,2,1,1,3,63,RUE JEAN BURGUET,,,,330,4,0.0,0.0,,0,1,,,0,1,1,0,90,1,0,1,0
200800032301,8,6,6,1725,1,2,3,1,3,63,CRS MARECHAL JUIN,,,,330,4,0.0,0.0,,2,2,,,0,1,1,0,0,1,0,1,0
200800032302,8,6,4,1715,1,2,3,1,3,318,AVE DU GENERAL LECLERC,,,,330,4,0.0,0.0,,2,2,,,0,1,1,0,64,1,0,1,0
200800032303,8,6,9,1230,1,2,1,1,2,63,"214, AVE D'ARES CAUD",,,,330,4,0.0,0.0,,1,1,,,0,2,3,0,59,0,0,1,0
200800032304,8,6,4,1740,1,2,1,1,2,281,AVE RENE CASSIN,,,,330,4,0.0,0.0,,2,2,,,0,1,1,0,100,1,0,1,0
200800032305,8,6,3,2014,1,2,2,1,3,281,AVE GAMBETTA,,,,330,4,0.0,0.0,,2,2,,,0,1,1,0,0,1,0,1,0
200800032306,8,6,6,745,1,2,3,1,1,318,AVE PEY BERLAND,,,,330,4,0.0,0.0,,2,2,,,0,1,1,0,68,1,0,1,0
200800032307,8,6,3,1335,1,2,5,1,2,522,AVE ROUL,,,,330,4,0.0,0.0,,3,2,,,3,1,2,0,0,1,5,1,0
200800032308,8,6,9,2240,5,2,3,2,3,281,AVE PRESIDENT J.F. KENNE,,,,330,4,0.0,0.0,,2,2,,,0,1,4,0,0,1,0,1,0
200800032309,8,6,10,2120,5,2,1,1,6,63,AVE DE LA REPUBLIQUE CAU,,,,330,4,0.0,0.0,,1,2,,,0,1,1,0,0,1,0,1,0
200800032310,8,6,10,900,1,2,3,1,3,63,CRS DE LA SOMME,,,,330,4,0.0,0.0,,1,1,,,0,1,1,0,20,1,0,1,0
200800032311,8,6,10,1620,1,2,2,1,2,63,QUAI DE BRIENNE,,,,330,4,0.0,0.0,,2,2,,,0,1,1,0,153,1,0,1,0
200800032312,8,6,10,1615,1,2,1,1,3,281,AVE MARCEL DASSAULT,,,,330,4,0.0,0.0,,2,2,,,0,1,1,0,80,1,0,1,0
200800032313,8,6,4,1110,1,2,1,1,6,281,AVE DE LA MARNE,,,,330,4,0.0,0.0,,2,2,,,0,1,1,5,50,1,0,1,0
200800032314,8,6,5,2305,5,2,2,1,3,522,CRS DE LA LIBERATION,,,,330,4,0.0,0.0,,3,4,,,0,1,1,0,171,1,0,1,0
200800032315,8,6,5,1855,1,2,2,1,3,63,RUE ROCHAMBEAU,,,,330,4,0.0,0.0,,2,2,,,0,1,1,0,51,1,0,1,0
200800032316,8,6,11,1720,1,2,3,1,2,63,RUE CROIX DE SEGUEY,,,,330,4,0.0,0.0,,1,1,,,0,1,1,0,0,1,0,1,0
200800032317,8,6,12,930,1,2,1,1,2,63,"68, RUE DE LA CROIX BLAN",,,,330,4,0.0,0.0,,2,2,,,0,1,1,0,60,1,0,1,0
200800032318,8,6,12,815,1,2,3,1,3,63,CRS DE VERDUN,,,,330,4,0.0,0.0,,1,1,,,0,1,1,0,87,1,0,1,0
200800032319,8,6,9,1730,1,2,3,2,4,281,AVE DE BELFORT,,,,330,4,0.0,0.0,,2,2,,,2,1,1,0,64,2,0,1,0
200800032320,8,6,10,1730,1,2,1,1,2,249,AVE DE PARIS,,,,330,4,0.0,0.0,,2,2,,,0,1,1,0,92,1,0,1,0
200800032321,8,6,13,255,5,2,6,1,6,75,"417, RTE DU MEDOC",,,,330,4,0.0,0.0,,3,2,,,0,1,1,0,0,1,5,1,0
200800032322,8,6,13,1205,1,2,3,1,3,63,CRS DE LUZE,,,,330,4,0.0,0.0,,2,2,,,0,1,1,0,60,1,0,1,0
200800032323,8,6,15,50,5,2,1,1,2,63,RUE GENERAL DE LARMINAT,,,,330,4,0.0,0.0,,3,4,,,2,1,1,0,0,1,4,1,0
200800032324,8,6,14,1035,1,2,2,1,4,63,AVE DE LA REPUBLIQUE CAU,,,,330,4,0.0,0.0,,0,2,,,0,1,1,0,71,1,0,1,0
200800032325,8,6,14,458,3,2,1,1,6,281,AVE ROLAND GARROS,,,,330,4,0.0,0.0,,2,3,,,0,1,1,0,121,1,0,3,0
200800032326,8,6,14,1550,1,2,1,1,3,63,QUAI LOUIS XVIII,,,,330,4,0.0,0.0,,3,30,,,0,1,1,0,0,1,0,1,0
200800032327,8,6,13,1700,1,2,1,1,4,63,"325-328, RUE PASTEUR CAU",,,,330,4,0.0,0.0,,2,3,,,2,1,1,0,88,1,0,1,0
200800032328,8,6,9,1830,1,2,2,2,1,522,CRS DE LA LIBERATION,,,,330,4,0.0,0.0,,2,2,,,0,1,1,0,90,2,0,1,0
200800032329,8,6,16,1625,1,2,1,2,6,63,"2, BD PIERRE 1ER",,,,330,4,0.0,0.0,,1,2,,,2,1,1,0,68,2,0,1,0
200800032330,8,6,12,1330,1,2,2,1,3,69,RUE BERT,,,,330,4,0.0,0.0,,2,2,,,0,1,1,0,81,1,0,1,0
200800032331,8,6,10,1926,1,2,5,1,2,281,AVE PYTHAGORE,,,,330,4,0.0,0.0,,3,4,,,0,1,1,0,0,1,0,1,0
200800032332,8,6,17,2315,5,2,1,1,1,63,"190, CRS DE L'YSER",,,,330,4,0.0,0.0,,2,2,,,1,1,1,0,172,1,0,1,0
200800032333,8,6,13,915,1,2,1,1,5,318,"23 bis, RUE DE LA MIRANT",,,,330,4,0.0,0.0,,2,1,,,0,1,1,10,60,1,0,1,0
200800032334,8,6,16,1616,1,2,1,2,2,119,AVE CARNOT,,,,330,4,0.0,0.0,,3,4,,,1,2,1,0,144,2,0,1,0
200800032335,8,6,16,1615,1,2,1,2,6,249,AVE CARNOT,,,,330,4,0.0,0.0,,3,4,,,1,4,1,0,64,2,0,1,0
200800032336,8,6,14,1000,1,2,6,1,2,119,AVE RENE CASSAGNE,,,,330,4,0.0,0.0,,3,2,,,0,1,2,0,92,1,5,1,0
200800032337,8,6,18,1010,1,2,1,1,6,63,RUE DU GRAND MAURIAN,,,,330,4,0.0,0.0,,2,2,,,0,1,1,0,87,1,0,0,0
200800032338,8,6,17,1800,1,2,1,1,3,63,"271, AVE MAL DE LATTRE T",,,,330,4,0.0,0.0,,2,2,,,2,1,1,0,101,1,0,1,0
200800032339,8,6,13,1340,1,2,1,2,4,167,RUE SALVADOR ALLENDE,,,,330,4,0.0,0.0,,2,2,,,0,1,1,11,86,2,0,1,0
200800032340,8,6,14,1030,1,2,2,1,3,119,AVE RENE CASSAGNE,,,,330,4,0.0,0.0,,2,2,,,0,1,1,0,0,1,0,1,0
200800032341,8,6,20,150,5,2,4,1,6,63,"116, RUE CROIX DE SEGUEY",,,,330,4,0.0,0.0,,1,1,,,0,1,1,0,0,1,0,1,0
200800032342,8,6,19,1400,1,2,2,1,3,63,CRS D'ALBRET,,,,330,4,0.0,0.0,,1,1,,,0,1,1,0,50,1,0,1,0
200800032343,8,6,19,1343,1,2,1,1,2,63,QUAI DE BRAZZA,,,,330,4,0.0,0.0,,2,2,,,2,1,1,0,91,1,0,1,0
200800032344,8,6,19,1045,1,2,1,1,6,63,"2, RUE ESPRIT-DES-LOIS",,,,330,4,0.0,0.0,,2,2,,,2,1,1,0,84,1,0,1,0
200800032345,8,6,19,2153,1,2,1,1,6,63,"165, AVE THIERS",,,,330,4,0.0,0.0,,0,1,,,0,1,0,0,0,1,0,1,0
200800032346,8,6,16,2020,1,2,3,2,6,281,AVE HENRI BARBUSSE,,,,330,4,0.0,0.0,,2,2,,,0,1,1,0,80,2,0,1,0
200800032347,8,6,20,740,1,2,2,1,3,63,RUE CARPENTEYRE,,,,330,4,0.0,0.0,,1,1,,,0,1,1,0,31,1,0,1,0
200800032348,8,6,17,1845,1,2,2,1,3,281,AVE FRANCOIS MITTERRAND,,,,330,4,0.0,0.0,,2,2,,,0,4,1,0,70,1,3,1,0
200800032349,8,6,20,915,1,2,2,1,3,63,CRS DE L'ARGONNE,,,,330,4,0.0,0.0,,1,1,,,0,1,1,0,50,1,0,1,0
200800032350,8,6,21,905,1,2,1,1,4,63,"350, AVE MAL DE LATTRE T",,,,330,4,0.0,0.0,,2,2,,,2,1,1,0,70,1,0,1,0
200800032351,8,6,22,15,5,1,3,1,2,63,ALL DE BOUTAUT,,,,330,4,0.0,0.0,,0,1,,,0,1,1,0,0,1,0,1,0
200800032352,8,6,17,2226,2,2,1,1,3,318,"20, AVE DE LA CHATAIGNER",,,,330,4,0.0,0.0,,2,1,,,0,1,1,0,66,1,0,1,0
200800032353,8,6,18,355,5,2,2,1,3,69,AVE JULES GUESDE,,,,330,4,0.0,0.0,,2,2,,,0,1,1,0,71,1,0,1,0
200800032354,8,6,23,1930,1,2,6,1,3,63,PCE RENE MARAN,,,,330,4,0.0,0.0,,2,2,,,0,1,3,0,80,1,5,1,0
200800032355,8,6,24,1615,1,2,1,8,3,63,"127, CRS DE L'YSER",,,,330,4,0.0,0.0,,2,2,,,2,1,1,0,60,1,0,1,0
200800032356,8,6,19,1820,1,2,2,1,2,281,AVE DE LA SOMME,,,,330,4,0.0,0.0,,2,4,,,0,1,1,0,170,1,0,1,0