Num_Acc,an,mois,jour,hrmn,lum,agg,int,atm,col,com,adr,gps,lat,long,dep,catr,voie,v1,v2,circ,nbv,pr,pr1,vosp,prof,plan,lartpc,larrout,surf,infra,situ,env1
200800039257,8,7,18,1140,1,2,2,1,3,249,AVE DE PARIS,,,,330,4,0.0,0.0,,2,2,,,0,2,1,0,0,1,0,1,0
200800039258,8,7,18,1845,1,2,2,1,3,522,CRS GAMBETTA,,,,330,4,0.0,0.0,,1,1,,,0,1,1,0,0,1,0,1,0
200800039259,8,7,8,1130,1,2,1,1,2,192,PCE BERNARD ROUMEGOUX,,,,330,4,0.0,0.0,,3,2,,,0,1,1,0,63,1,0,1,0
200800039260,8,7,11,1235,1,2,1,1,2,522,"166, CRS MARECHAL GALLIE",,,,330,4,0.0,0.0,,2,2,,,0,1,1,0,89,1,0,1,0
200800039261,8,7,22,1440,1,2,5,1,5,281,AVE ROLAND GARROS,,,,330,4,0.0,0.0,,2,5,,,0,1,1,0,134,1,5,1,0
200800039262,8,7,27,1925,1,2,1,1,6,63,RUE DES REMPARTS,,,,330,4,0.0,0.0,,1,1,,,3,4,1,0,80,1,6,1,0
200800039263,8,7,25,1330,1,2,3,1,3,63,"90, CRS DE LA SOMME",,,,330,4,0.0,0.0,,1,1,,,0,1,1,0,0,1,0,1,3
200800039264,8,7,26,410,5,2,1,1,1,63,QUAI DE BRIENNE,,,,330,4,0.0,0.0,,2,3,,,1,1,2,0,127,2,0,1,0
200800039265,8,7,11,1355,1,2,3,1,3,39,RUE DES QUATRE CASTERA,,,,330,4,0.0,0.0,,2,2,,,0,1,1,0,100,1,0,1,0
200800039266,8,7,28,1130,1,2,2,1,3,63,AVE DE LA REPUBLIQUE CAU,,,,330,4,0.0,0.0,,2,2,,,0,1,1,0,81,1,0,1,0
200800039267,8,7,23,1100,1,2,3,1,3,281,AVE VICTOR HUGO,,,,330,4,0.0,0.0,,2,2,,,0,2,1,0,58,1,0,1,0
200800039268,8,7,22,805,1,2,2,1,3,318,AVE GABRIELE D'ANNUNZIO,,,,330,4,0.0,0.0,,2,2,,,2,1,1,0,900,1,0,1,0
200800039269,8,7,15,1730,1,2,2,1,3,318,AVE ROGER COHE,,,,330,4,0.0,0.0,,2,3,,,0,1,1,0,0,1,0,1,0
200800039270,8,7,24,900,1,2,3,1,3,281,AVE HENRI VIGNEAU,,,,330,4,0.0,0.0,,3,3,,,2,1,1,19,103,1,0,1,0
200800039271,8,7,22,2230,5,2,3,1,1,69,AVE DE LA LIBERATION-CH.,,,,330,4,0.0,0.0,,2,3,,,0,1,1,0,75,1,0,1,0
200800039272,8,7,29,2320,5,2,1,1,4,63,PONT DE PIERRE,,,,330,4,0.0,0.0,,3,3,,,1,1,1,0,119,1,2,1,0
200800039273,8,7,25,610,5,2,2,1,3,281,AVE DE VERDUN,,,,330,4,0.0,0.0,,2,3,,,1,1,0,45,90,1,0,1,0
200800039274,8,7,24,1400,1,2,1,1,3,39,RTE DE COURREJEAN,,,,330,4,0.0,0.0,,3,4,,,0,1,1,10,120,1,0,1,0
200800039275,8,7,30,910,1,2,2,1,3,63,RUE DE LA BENAUGE,,,,330,4,0.0,0.0,,2,2,,,0,1,3,0,0,1,0,1,0
200800039276,8,7,29,1900,1,2,2,1,1,63,RUE POQUELIN MOLIERE,,,,330,4,0.0,0.0,,1,1,,,0,4,1,0,30,1,0,1,0
200800039277,8,7,26,1650,1,2,3,1,3,192,CRS DU GENERAL DE GAULLE,,,,330,4,0.0,0.0,,2,2,,,0,1,1,0,80,1,0,1,0
200800039278,8,7,28,1420,1,2,1,1,6,281,"51, AVE DE LA LIBERATION",,,,330,4,0.0,0.0,,2,2,,,0,1,2,0,80,1,0,4,0
200800039279,8,7,31,1325,1,2,2,1,3,63,RUE TURENNE,,,,330,4,0.0,0.0,,1,1,,,0,1,1,0,31,1,0,1,0
200800039280,8,7,30,1630,1,2,1,1,3,63,"63, CRS MARECHAL JUIN",,,,330,4,0.0,0.0,,3,5,,,2,1,1,30,106,1,0,5,0
200800039281,8,7,29,1725,1,2,1,4,2,167,VOIE PENETRANTE EST,,,,330,4,0.0,0.0,,3,2,,,0,1,1,10,69,1,3,1,0
200800039282,8,7,31,2245,5,2,2,1,6,63,RUE ALBERT PITRES,,,,330,4,0.0,0.0,,1,1,,,0,1,1,0,55,1,0,1,0
200800039283,8,7,30,1215,1,2,1,1,1,192,"9, RUE DES FONTAINES DE",,,,330,4,0.0,0.0,,2,2,,,0,0,2,0,70,1,0,1,0
200800039284,8,7,2,1750,1,2,7,1,6,243,"6, MITTERRAND(ESPLANADE",,,,330,4,0.0,0.0,,1,1,,,0,1,1,230,60,1,0,1,3
200800039285,8,7,31,1420,1,2,1,7,3,243,"159, POMPIDOU(AVENUE GEO",,,,330,3,0.0,0.0,,2,2,,,2,1,1,0,0,1,0,1,99
200800041842,8,7,2,720,1,1,1,1,3,249,ROUTE NATIONALE 230,,,,330,2,230.0,0.0,,3,6,43.0,600.0,0,1,1,15,210,1,0,1,0
200800041843,8,7,2,1730,1,1,1,1,3,39,ROUTE NATIONALE 230,,,,330,2,230.0,0.0,,3,6,34.0,300.0,0,1,1,15,210,1,2,1,0
200800041844,8,7,3,835,1,1,1,2,3,75,ROCADE A 630,,,,330,1,630.0,0.0,,3,4,9.0,100.0,0,1,1,15,140,2,0,1,0
200800041845,8,7,3,905,1,1,1,2,2,75,ROCADE A 630,,,,330,1,630.0,0.0,,3,6,10.0,400.0,0,1,1,15,210,2,3,1,0
200800041846,8,7,3,1140,1,1,1,1,2,281,ROCADE A 630,,,,330,1,630.0,0.0,,3,6,14.0,1.0,0,1,1,15,210,1,3,1,0
200800041847,8,7,4,1930,1,1,1,1,7,192,ROCADE A 630,,,,330,1,630.0,0.0,,3,6,27.0,0.0,0,0,0,15,210,1,0,1,0
200800041848,8,7,4,2205,3,1,1,1,6,448,AUTOROUTE A 62,,,,330,1,62.0,0.0,,3,4,8.0,200.0,0,1,1,15,140,1,0,1,0
200800041849,8,7,5,2055,1,1,1,1,6,39,ROCADE A 630,,,,330,1,630.0,0.0,,3,6,34.0,0.0,0,1,1,15,210,1,0,1,0
200800041850,8,7,6,155,5,1,1,1,6,96,AUTOROUTE A 10,,,,330,1,10.0,0.0,,3,6,541.0,600.0,0,1,1,15,210,1,0,1,0
200800041851,8,7,7,1245,1,1,1,2,6,249,ROCADE A 630,,,,330,1,630.0,0.0,,3,8,0.0,500.0,0,1,3,15,280,2,3,1,0
200800041852,8,7,7,1240,1,1,1,2,4,39,ROCADE A 631,,,,330,1,631.0,0.0,,3,6,34.0,0.0,0,1,1,15,210,2,0,1,0
200800041853,8,7,11,930,1,1,1,1,3,550,ROCADE A 630,,,,330,1,630.0,0.0,,3,6,29.0,500.0,0,1,1,15,210,1,0,1,0
200800041854,8,7,18,640,1,1,1,1,2,550,ROCADE A 630,,,,330,1,630.0,0.0,,3,6,31.0,0.0,0,1,1,15,210,1,0,1,0
200800041855,8,7,21,1840,1,1,1,1,5,119,ROUTE NATIONALE 230,,,,330,2,230.0,0.0,,3,6,42.0,0.0,0,1,1,15,210,1,0,1,0
200800041856,8,7,24,1300,1,1,1,1,3,249,AUTOROUTE A 10,,,,330,1,10.0,0.0,,3,6,542.0,450.0,0,1,1,15,210,1,0,1,0
200800041857,8,7,24,1350,1,1,1,1,2,281,ROCADE A 630,,,,330,1,630.0,0.0,,3,4,14.0,700.0,0,1,1,60,140,1,0,1,99
200800041858,8,7,25,200,5,1,1,1,6,249,ROCADE A 630,,,,330,1,630.0,0.0,,3,6,2.0,0.0,0,1,1,15,210,1,0,1,0
200800041859,8,7,25,1555,1,1,1,1,7,75,ROCADE A 630,,,,330,1,630.0,0.0,,3,4,7.0,500.0,0,1,1,15,140,1,0,1,0
200800041860,8,7,25,1710,1,1,1,1,2,249,ROUTE NATIONALE 230,,,,330,2,230.0,0.0,,3,6,43.0,500.0,0,1,1,15,210,1,0,1,0
200800041861,8,7,26,735,1,1,1,2,6,550,ROCADE A 630,,,,330,1,630.0,0.0,,3,6,30.0,400.0,0,1,2,15,210,2,3,1,0
200800041862,8,7,29,2140,1,1,1,1,2,96,AUTOROUTE A 10,,,,330,1,10.0,0.0,,3,6,541.0,500.0,0,1,1,15,210,1,0,1,0
200800041863,8,7,30,735,1,1,1,1,5,39,ROCADE A 630,,,,330,1,630.0,0.0,,3,6,33.0,800.0,0,1,1,15,210,1,0,1,0
200800041864,8,7,30,1640,1,1,1,1,3,249,ROCADE A 630,,,,330,1,630.0,0.0,,3,6,2.0,0.0,0,1,1,15,210,1,0,1,0
200800043679,8,8,1,1235,1,1,1,1,4,122,AUTOROUTE A 63,,,,330,1,63.0,0.0,,3,6,6.0,500.0,0,1,1,15,210,1,0,1,99
200800043680,8,8,3,905,1,1,1,1,2,192,ROCADE A 630,,,,330,1,630.0,0.0,,3,6,26.0,0.0,0,1,1,15,210,1,0,1,0
200800043681,8,8,3,1635,1,1,1,1,6,167,ROUTE NATIONALE 230,,,,330,2,230.0,0.0,,3,6,39.0,500.0,0,1,1,15,210,1,0,1,0
200800043682,8,8,5,1910,1,1,1,1,3,39,ROCADE A 630,,,,330,1,630.0,0.0,,3,4,32.0,800.0,0,1,1,0,140,1,0,1,99
200800043683,8,8,6,1805,1,1,1,1,4,63,ROCADE A 630,,,,330,1,630.0,0.0,,3,6,4.0,500.0,0,2,1,0,210,1,2,2,99
200800043684,8,8,8,2055,2,1,1,1,2,162,ROCADE A 630,,,,330,1,630.0,0.0,,3,4,12.0,440.0,0,1,1,15,140,1,0,1,0
200800043685,8,8,11,545,5,1,1,2,6,318,ROCADE A 630,,,,330,1,630.0,0.0,,3,4,25.0,200.0,0,1,1,15,140,2,3,1,0
200800043686,8,8,11,912,1,1,1,2,3,249,AUTOROUTE A 10,,,,330,1,10.0,0.0,,3,4,543.0,0.0,0,1,2,15,140,2,3,1,0
200800043687,8,8,12,810,1,1,1,2,7,318,ROCADE A 630,,,,330,1,630.0,0.0,,1,2,25.0,200.0,0,2,2,15,70,2,3,1,0
200800043688,8,8,19,1000,1,1,1,2,6,550,AUTOROUTE A 62,,,,330,1,62.0,0.0,,1,2,0.0,100.0,0,2,2,50,70,2,3,1,0
200800043689,8,8,12,1230,1,1,1,2,6,318,ROCADE A 630,,,,330,1,630.0,0.0,,3,4,22.0,900.0,0,1,3,15,140,2,3,1,0
200800043690,8,8,13,1805,1,1,1,1,4,119,ROUTE NATIONALE 230,,,,330,2,230.0,0.0,,3,6,42.0,146.0,0,1,1,50,210,1,3,1,0
200800043691,8,8,15,510,4,1,1,2,6,249,ROCADE A 630,,,,330,1,630.0,0.0,,3,4,0.0,10.0,0,2,3,25,140,2,3,1,0
200800043692,8,8,15,730,1,1,1,2,6,249,ROUTE NATIONALE 230,,,,330,2,230.0,0.0,,1,2,44.0,100.0,0,2,2,90,70,2,3,1,0
200800043693,8,8,15,1200,1,1,1,2,2,192,AUTOROUTE A 63,,,,330,1,63.0,0.0,,3,4,1.0,800.0,0,1,1,15,140,2,3,1,0
200800043694,8,8,17,720,2,1,1,1,6,39,ROCADE A 630,,,,330,1,630.0,0.0,,3,4,34.0,0.0,0,1,1,15,140,1,0,1,0
200800043695,8,8,19,855,1,1,1,2,6,249,ROUTE NATIONALE 230,,,,330,2,230.0,0.0,,1,2,44.0,0.0,0,1,3,90,70,2,3,1,0
200800043696,8,8,19,856,1,1,1,2,4,249,ROUTE NATIONALE 230,,,,330,2,230.0,0.0,,1,2,44.0,100.0,0,1,3,90,70,2,3,1,0
200800043697,8,8,19,945,1,1,1,2,6,318,AUTOROUTE A 63,,,,330,1,63.0,0.0,,1,2,0.0,100.0,0,2,2,140,70,2,3,1,0
200800043698,8,8,19,1515,1,1,1,1,3,119,ROUTE NATIONALE 230,,,,330,2,230.0,0.0,,3,6,40.0,500.0,0,1,1,15,210,1,3,1,0
200800043699,8,8,22,935,1,1,1,2,6,550,ROCADE A 630,,,,330,1,630.0,0.0,,3,4,29.0,0.0,0,1,1,15,140,2,3,1,0
200800043700,8,8,22,930,1,1,1,2,6,65,ROUTE NATIONALE 230,,,,330,1,230.0,0.0,,3,6,36.0,200.0,0,1,3,15,210,2,3,1,0
200800043701,8,8,22,945,1,1,1,2,6,39,ROCADE A 631,,,,330,1,631.0,0.0,,3,2,34.0,500.0,0,0,0,15,140,2,3,1,0
200800043702,8,8,22,1740,1,1,1,1,7,63,ROCADE A 630,,,,330,1,630.0,0.0,,0,2,4.0,310.0,1,2,1,10,15,1,2,1,0
200800043703,8,8,24,355,5,1,1,1,4,96,AUTOROUTE A 10,,,,330,1,10.0,0.0,,3,8,541.0,900.0,0,1,1,15,280,1,0,1,0
200800043704,8,8,25,1950,1,1,1,1,6,143,AUTOROUTE A 10,,,,330,1,10.0,0.0,,0,6,531.0,100.0,0,1,1,15,140,1,0,1,0
200800043705,8,8,26,955,1,1,1,1,2,249,ROCADE A 630,,,,330,1,630.0,0.0,,3,6,3.0,0.0,0,1,1,15,210,1,3,1,0
200800043706,8,8,27,1050,1,1,1,1,3,550,ROCADE A 630,,,,330,1,630.0,0.0,,3,6,30.0,515.0,0,1,1,15,210,1,0,1,0
200800043707,8,8,30,2045,1,1,1,1,2,192,AUTOROUTE A 63,,,,330,1,63.0,0.0,,3,4,0.0,850.0,0,1,1,15,140,1,3,1,0
200800043708,8,8,31,305,5,1,1,3,6,65,ROUTE NATIONALE 230,,,,330,1,230.0,0.0,,3,6,35.0,500.0,0,2,3,15,210,2,0,1,0
200800043709,8,8,31,735,1,1,1,1,2,39,ROUTE NATIONALE 230,,,,330,2,230.0,0.0,,3,6,34.0,500.0,0,1,1,15,210,1,0,1,0
200800045205,8,8,22,1850,1,1,1,1,1,529,BISCAROSSE (AVE) DUNE VE,,,,330,3,0.0,0.0,,2,2,9.0,955.0,0,1,3,0,70,1,0,1,0
200800045206,8,8,23,325,5,2,1,1,6,9,"4, MESTREZAT (BD)",,,,330,4,0.0,0.0,,2,2,,,1,1,1,0,60,1,0,1,99
200800045207,8,8,1,30,5,2,1,1,6,63,"36, AVE THIERS",,,,330,4,0.0,0.0,,3,4,,,3,1,1,0,0,1,0,4,0
200800045208,8,8,1,1245,1,2,1,8,4,63,BD GEORGE V,,,,330,4,0.0,0.0,,3,4,,,2,1,1,0,0,2,0,1,0
200800045209,8,8,2,1525,1,2,1,1,3,281,"50, AVE DES FRERES ROBIN",,,,330,4,0.0,0.0,,2,2,,,2,1,1,0,0,1,0,1,0
200800045278,8,8,3,2225,5,2,2,1,3,529,"32, PORT (RUE DU)",,,,330,4,0.0,0.0,,1,1,,,0,1,1,0,48,1,0,1,99
200800045279,8,8,6,1855,1,1,1,1,3,529,"25, CAZAUX (BD DE)",,,,330,4,0.0,0.0,,2,2,,,0,1,1,0,68,1,0,1,99
200800045280,8,8,12,1725,1,2,1,1,1,9,"6, MER (BD DE LA)",,,,330,4,0.0,0.0,,1,1,,,0,2,2,0,37,1,0,1,99
200800045281,8,8,16,105,5,1,2,1,3,529,RD 1250 (Camicas - Sorti,,,,330,3,0.0,0.0,,2,2,,,0,1,1,0,74,1,0,1,99
200800045282,8,8,21,1825,1,1,1,1,3,529,"53, LECLERC (AVE DU GAL)",,,,330,3,0.0,0.0,,2,2,,,0,1,1,0,70,1,0,1,99
200800045283,8,8,4,1125,1,2,1,1,6,63,"56, RTE DE TOULOUSE",,,,330,4,0.0,0.0,,2,2,,,0,2,1,0,79,1,0,1,0
200800045284,8,8,4,2350,5,2,2,1,3,63,RUE TANESSE,,,,330,4,0.0,0.0,,0,1,,,0,1,1,0,51,1,0,1,0
200800045285,8,8,3,222,5,2,1,2,2,119,BD ENTRE DEUX MERS,,,,330,4,0.0,0.0,,3,4,,,0,1,1,36,52,2,0,1,0
200800045286,8,8,1,1315,1,2,1,8,1,32,AVE LEON BLUM,,,,330,4,0.0,0.0,,2,2,,,0,1,1,0,0,2,0,1,0
200800045287,8,8,5,1630,1,2,2,1,3,63,"62, AVE DE LA REPUBLIQUE",,,,330,4,0.0,0.0,,0,1,,,0,1,1,0,0,1,0,1,0
200800045288,8,8,5,1730,1,2,2,1,3,63,RUE CHEVALIER,,,,330,4,0.0,0.0,,2,2,,,0,1,1,0,62,1,0,1,0
200800045289,8,8,1,3,3,2,1,1,6,75,AVE DES 4 PONTS,,,,330,4,0.0,0.0,,2,2,,,0,1,1,0,80,1,0,3,0
200800045290,8,8,1,1704,1,2,2,1,3,318,"25, AVE PIERRE CORNEILLE",,,,330,4,0.0,0.0,,2,2,,,0,1,1,0,68,1,0,1,0
200800045291,8,8,6,2129,1,2,1,1,2,119,AVE RENE CASSAGNE,,,,330,4,0.0,0.0,,3,2,,,0,1,1,10,88,1,0,1,0
200800045292,8,8,5,1515,1,2,1,1,6,318,AVE BOUGNARD,,,,330,4,0.0,0.0,,1,2,,,0,1,1,0,58,1,0,1,0
200800045293,8,8,10,2005,1,2,2,1,3,63,CRS DE LA MARNE,,,,330,4,0.0,0.0,,1,1,,,0,1,1,0,0,1,0,1,0
200800045294,8,8,8,2130,1,2,3,1,3,162,AVE DE L'HIPPODROME,,,,330,4,0.0,0.0,,2,2,,,0,1,1,0,0,1,0,1,0
200800045295,8,8,9,415,5,2,1,1,6,281,"16, AVE HENRI VIGNEAU",,,,330,4,0.0,0.0,,3,2,,,2,1,2,0,142,1,0,4,0
200800045296,8,8,6,1700,1,2,1,1,7,32,QUAI FRANCAIS,,,,330,4,0.0,0.0,,1,2,,,0,1,2,0,80,9,5,1,0
200800045297,8,8,5,1930,1,2,1,1,3,318,AVE ROGER CHAUMET,,,,330,4,0.0,0.0,,2,2,,,3,1,1,0,108,1,0,1,0
200800045298,8,8,9,1220,1,2,6,1,2,119,AVE PIERRE BROSSOLETTE,,,,330,4,0.0,0.0,,2,2,,,0,1,1,0,97,1,5,1,0
200800045299,8,8,8,1435,1,2,1,1,7,167,ALL DE LA GABARRE,,,,330,4,0.0,0.0,,2,2,,,0,1,1,0,69,1,0,4,0
200800045300,8,8,7,2225,5,2,1,1,2,119,"197, AVE CARNOT",,,,330,4,0.0,0.0,,3,4,,,0,2,1,0,67,1,1,1,0
200800045301,8,8,11,2045,5,2,1,2,3,63,BD JOLIOT-CURIE,,,,330,4,0.0,0.0,,3,4,,,0,1,2,0,60,2,0,1,0
200800045302,8,8,11,1945,1,2,2,2,1,63,"136, BD GEORGE V",,,,330,4,0.0,0.0,,1,1,,,0,1,1,0,0,2,0,1,0
200800045303,8,8,11,1800,1,2,2,1,3,63,BD PIERRE 1ER,,,,330,4,0.0,0.0,,2,2,,,0,2,1,0,64,1,0,5,0
200800045304,8,8,12,1705,1,2,2,1,3,63,CRS JOURNU AUBER,,,,330,4,0.0,0.0,,2,2,,,0,1,1,0,72,1,0,1,0
200800045305,8,8,13,1208,1,2,1,1,3,63,ALL DE BRISTOL,,,,330,4,0.0,0.0,,1,2,,,2,2,1,0,85,2,0,1,0
200800045306,8,8,10,1425,1,2,1,7,7,318,AVE ROGER COHE,,,,330,4,0.0,0.0,,2,3,,,0,1,2,19,70,1,0,4,0
200800045307,8,8,8,2035,1,2,2,1,3,281,AVE MONTESQUIEU,,,,330,4,0.0,0.0,,2,2,,,0,1,1,0,58,1,0,1,0
200800045308,8,8,8,1720,1,2,1,1,3,281,"123, AVE DE LA SOMME",,,,330,4,0.0,0.0,,2,3,,,0,1,1,24,152,1,0,1,0
200800045309,8,8,8,1450,1,2,6,1,3,192,RUE DE LA CROIX DE MONJO,,,,330,4,0.0,0.0,,2,2,,,0,0,1,0,50,1,5,1,0
200800045310,8,8,8,1827,1,2,2,1,2,281,CHEM DU MERLE,,,,330,4,0.0,0.0,,2,2,,,0,1,1,0,0,1,5,1,0
200800045311,8,8,9,2020,1,2,1,1,2,63,"415, BD JEAN-JACQUES BOS",,,,330,4,0.0,0.0,,3,3,,,2,1,1,10,157,1,0,1,0
200800045312,8,8,16,1743,1,2,1,1,6,63,"36 Bis, CRS DE VERDUN",,,,330,4,0.0,0.0,,2,5,,,3,1,1,0,28,1,0,1,0
200800045313,8,8,18,1946,1,2,6,1,3,63,RUE SOUBIRAS CAUD,,,,330,4,0.0,0.0,,2,2,,,0,1,1,0,60,1,0,1,0
200800045314,8,8,19,755,1,2,3,3,3,63,"38, RUE LUCIEN FAURE",,,,330,4,0.0,0.0,,3,2,,,0,1,1,0,0,2,0,1,0
200800045315,8,8,15,830,1,2,1,1,6,318,RUE DE L'HORLOGE,,,,330,4,0.0,0.0,,0,1,,,0,0,0,0,0,0,0,1,0
200800045316,8,8,13,1946,1,2,2,1,3,75,RTE DU MEDOC,,,,330,4,0.0,0.0,,3,4,,,0,1,1,10,132,1,0,1,0
200800045317,8,8,20,1700,1,2,3,1,3,249,ROC ROCADE RIVE DROITE,,,,330,4,0.0,0.0,,2,2,,,0,1,1,0,50,1,0,1,0
200800045318,8,8,18,2100,5,2,2,1,3,281,AVE DE LA SOMME,,,,330,4,0.0,0.0,,3,3,,,0,4,1,0,0,1,0,1,0
200800045319,8,8,21,1845,1,2,3,1,3,63,AVE MAL DE LATTRE TASSIG,,,,330,4,0.0,0.0,,2,2,,,0,1,1,0,96,1,0,1,0
200800045320,8,8,21,1515,1,2,3,1,2,63,RUE DE LA BECHADE,,,,330,4,0.0,0.0,,2,2,,,0,1,1,0,90,1,0,1,0
200800045321,8,8,18,1220,1,2,1,1,3,318,AVE DU BOURGAILH,,,,330,4,0.0,0.0,,2,3,,,2,1,1,0,86,1,0,1,0
200800045322,8,8,21,1250,1,2,1,1,2,63,"5, PCE EUGENE GAUTHIER C",,,,330,4,0.0,0.0,,3,5,,,2,1,1,40,98,1,0,1,3
200800045323,8,8,24,230,5,2,1,1,3,63,QUAI DES CHARTRONS,,,,330,4,0.0,0.0,,3,3,,,0,1,1,0,70,1,0,1,0
200800045324,8,8,24,2025,1,2,5,1,3,63,CRS DE LA LIBERATION,,,,330,4,0.0,0.0,,1,1,,,0,1,1,0,33,1,0,1,0
200800045325,8,8,23,1930,1,2,1,1,2,63,CRS MARECHAL JUIN,,,,330,4,0.0,0.0,,3,3,,,2,1,1,0,0,1,0,1,0
200800045326,8,8,19,1230,1,2,1,1,2,63,"26, RUE DE L'ECOLE NORMA",,,,330,4,0.0,0.0,,1,2,,,0,1,1,0,84,1,0,1,0
200800045327,8,8,25,815,1,2,3,1,3,63,"117, RUE JACQUES RIVIERE",,,,330,4,0.0,0.0,,1,1,,,2,1,1,0,60,1,0,1,0
200800045328,8,8,20,2010,1,2,1,1,2,249,RUE ANDRE DUPIN,,,,330,4,0.0,0.0,,2,2,,,0,1,1,0,70,1,0,1,0
200800045329,8,8,21,1830,1,2,6,1,3,281,AVE ROLAND GARROS,,,,330,4,0.0,0.0,,1,2,,,0,1,2,0,0,1,5,1,0
200800045330,8,8,21,1,5,2,1,1,3,192,"28, CRS DU GENERAL DE GA",,,,330,4,0.0,0.0,,3,2,,,2,1,1,0,0,1,0,1,0
200800045331,8,8,21,2305,5,2,3,1,3,522,CHEM BONTEMPS,,,,330,4,0.0,0.0,,2,2,,,0,1,1,0,70,1,0,1,0
200800045332,8,8,23,1040,1,2,1,1,1,167,"3, CHEM DES PLATEAUX",,,,330,4,0.0,0.0,,2,2,,,0,4,1,0,46,1,0,1,0
200800045333,8,8,26,1340,1,2,3,1,6,63,ALL SERR,,,,330,4,0.0,0.0,,1,2,,,1,1,1,0,76,1,0,1,0
200800045334,8,8,26,1225,1,2,1,1,3,63,"61, CRS DU MARECHAL GALL",,,,330,4,0.0,0.0,,2,2,,,0,1,1,0,103,1,0,1,0
200800045335,8,8,22,1610,1,2,2,1,3,69,AVE DE LA LIBERATION-CH.,,,,330,4,0.0,0.0,,2,3,,,0,1,1,0,90,1,0,1,0
200800045336,8,8,22,1840,1,2,3,1,3,281,AVE LEON BLUM,,,,330,4,0.0,0.0,,2,2,,,0,1,1,0,102,1,0,1,0
200800045337,8,8,24,350,5,2,1,1,6,281,AVE DU MARECHAL JUIN,,,,330,4,0.0,0.0,,2,2,,,2,1,1,0,120,1,0,1,0
200800045338,8,8,27,1550,1,2,2,1,3,63,BD DU PRESIDENT WILSON,,,,330,4,0.0,0.0,,3,3,,,1,1,1,0,51,1,0,1,0
200800045339,8,8,27,1030,1,2,1,1,2,63,"56, AVE DE LA JALLERE",,,,330,4,0.0,0.0,,2,2,,,0,1,1,0,68,1,0,1,0
200800045340,8,8,27,1200,1,2,2,1,3,63,RUE BERNARD ADOUR CAUD,,,,330,4,0.0,0.0,,1,1,,,0,1,1,0,59,1,0,1,0
200800045341,8,8,28,713,1,2,3,1,3,63,"38, RUE LUCIEN FAURE",,,,330,4,0.0,0.0,,2,2,,,0,1,1,0,167,1,0,1,0
200800045342,8,8,24,1055,1,2,3,1,3,522,CRS DE LA LIBERATION,,,,330,4,0.0,0.0,,0,1,,,2,1,1,0,0,1,0,1,0
200800045343,8,8,22,2002,1,2,2,1,3,522,CRS DE LA LIBERATION,,,,330,4,0.0,0.0,,2,2,,,0,1,1,0,75,1,0,1,0
200800045344,8,8,29,910,1,2,2,1,3,63,CRS DE LA LIBERATION,,,,330,4,0.0,0.0,,1,1,,,0,1,1,0,45,1,0,1,0
200800045345,8,8,29,1715,1,2,6,1,2,63,AVE DES TROIS CARDINAUX,,,,330,4,0.0,0.0,,1,2,,,0,1,2,0,100,1,5,1,0
200800045346,8,8,29,1545,1,2,1,1,3,63,"246, RUE PASTEUR CAUD",,,,330,4,0.0,0.0,,2,2,,,1,1,1,0,128,1,0,1,0
200800045347,8,8,30,2345,5,2,1,8,2,63,QUAI RICHELIEU,,,,330,4,0.0,0.0,,1,1,,,0,2,1,0,0,1,2,1,0
200800045348,8,8,30,2340,5,2,3,2,3,63,QUAI DES CHARTRONS,,,,330,4,0.0,0.0,,1,1,,,0,1,1,0,30,2,0,1,0
200800045349,8,8,29,1738,1,2,1,1,2,167,VOIE PENETRANTE EST,,,,330,4,0.0,0.0,,3,6,,,0,1,1,10,120,1,3,1,99
200800045350,8,8,30,1300,1,2,1,1,3,281,AVE MATOSINHOS,,,,330,4,0.0,0.0,,1,2,,,0,1,2,0,65,1,0,1,99