Num_Acc,an,mois,jour,hrmn,lum,agg,int,atm,col,com,adr,gps,lat,long,dep,catr,voie,v1,v2,circ,nbv,pr,pr1,vosp,prof,plan,lartpc,larrout,surf,infra,situ,env1
200800045351,8,8,29,1530,1,2,1,1,4,318,AVE ANTOINE BECQUEREL,,,,330,4,0.0,0.0,,2,2,,,0,1,1,0,80,1,0,1,0
200800045352,8,8,22,1800,1,2,1,1,3,550,CHEM DES ORPHELINS,,,,330,4,0.0,0.0,,2,2,,,0,1,4,0,72,1,0,1,99
200800045353,8,8,30,2110,3,2,1,1,6,550,"74, RUE ANATOLE FRANCE",,,,330,4,0.0,0.0,,2,2,,,0,1,1,0,60,1,0,1,0
200800045354,8,8,30,2300,5,2,3,1,3,550,RTE DE TOULOUSE,,,,330,4,0.0,0.0,,2,2,,,0,2,1,0,60,1,0,1,0
200800045355,8,8,29,1900,1,2,4,1,3,63,AVE MARCEL DASSAULT,,,,330,4,0.0,0.0,,2,3,,,0,1,1,0,115,1,0,1,0
200800045356,8,8,28,1005,1,2,1,1,6,249,"17/19, RUE PIERRE DE RON",,,,330,4,0.0,0.0,,2,2,,,0,1,1,0,70,1,0,1,0
200800045357,8,8,28,1820,1,2,1,1,3,39,RTE DE TOULOUSE,,,,330,4,0.0,0.0,,2,2,,,0,1,1,0,108,1,0,1,0
200800045358,8,8,29,715,1,1,1,1,7,243,"105, EUROPE-J.MONNET(AVE",,,,330,3,0.0,0.0,,2,1,,,0,1,1,0,76,1,0,1,99
200800046930,8,8,25,1800,1,1,1,1,6,519,,M,44.91,-0.698,330,2,215.0,0.0,,3,4,10.0,0.0,0,1,1,10,140,1,5,1,99
200800046931,8,8,26,2000,1,2,1,7,2,162,AV DU TAILLAN,M,0.0,0.0,330,4,0.0,0.0,,0,0,0.0,0.0,0,2,1,0,55,1,0,1,0
200800046932,8,8,9,300,5,2,1,1,6,273,9 allee des rossignols,M,0.0,0.0,330,4,0.0,0.0,,0,0,0.0,0.0,0,1,3,0,60,1,0,0,0
200800046933,8,8,22,645,3,2,1,3,5,273,"AV general LECLERC, CD",M,0.0,0.0,330,3,211.0,0.0,,2,2,26.0,900.0,0,1,1,0,63,2,0,3,99
200800046934,8,8,6,1715,1,1,2,1,3,280,,M,45.175,-0.593,330,3,137.0,0.0,,2,2,24.0,630.0,0,1,1,0,70,1,0,1,0
200800046935,8,8,6,1000,1,1,1,1,3,341,,M,45.015,-0.009,330,3,137.0,0.0,,2,2,0.0,0.0,0,1,1,0,85,1,0,1,0
200800046936,8,8,24,2115,5,2,1,1,1,475,"Lieu dit ""Camillac""",M,45.047,-0.56,330,3,669.0,0.0,,2,2,12.0,250.0,0,1,1,0,70,1,0,1,0
200800046937,8,8,22,1915,1,1,1,7,1,389,,M,45.296,-0.628,330,3,23.0,0.0,,2,2,5.0,600.0,0,1,1,0,52,1,0,1,0
200800046938,8,8,20,2315,3,1,1,1,4,123,,M,45.091,-0.406,330,3,249.0,0.0,,2,2,11.0,879.0,0,0,1,0,36,1,0,1,0
200800046939,8,8,2,1215,1,1,1,1,7,293,,M,44.876,-0.436,330,2,89.0,0.0,,3,4,45.0,0.0,0,2,1,12,120,1,0,1,99
200800046940,8,8,28,745,1,1,1,1,2,330,,M,0.0,0.0,330,2,89.0,0.0,,3,0,0.0,0.0,0,0,1,0,0,1,3,0,0
200800046941,8,8,8,1815,1,2,1,1,2,225,"CD 11, Lieu dit Artigues",M,44.58,-0.4,330,3,11.0,0.0,,2,2,36.0,300.0,0,2,1,64,0,1,0,3,99
200800046942,8,8,9,1100,1,2,3,1,1,415,lilas / brassens,M,45.02,-0.452,330,4,0.0,0.0,,2,2,0.0,0.0,0,1,1,0,50,1,0,1,0
200800046943,8,8,18,1615,1,2,1,1,3,357,au bourg,M,0.0,0.0,330,3,223.0,0.0,,2,2,0.0,0.0,0,1,1,0,72,1,0,1,0
200800046944,8,8,5,1630,1,2,1,1,6,352,Av du marechal Joffre,M,44.588,-0.039,330,3,1113.0,0.0,,2,0,0.0,0.0,0,2,3,0,0,1,0,3,99
200800046945,8,8,3,2030,1,2,1,7,6,307,lieudit le rey,M,0.0,0.0,330,4,21.0,0.0,,2,0,0.0,0.0,0,1,2,0,52,1,0,3,3
200800046946,8,8,31,945,1,1,1,1,6,202,,M,0.0,0.0,330,3,3.0,0.0,,2,2,134.0,10.0,0,1,1,10,61,1,0,3,0
200800046947,8,8,8,845,1,2,1,2,1,175,02 RUE RAUZAN,M,44.744,-0.162,330,3,231.0,0.0,,2,2,0.0,0.0,0,1,3,0,64,1,0,1,0
200800046948,8,8,2,700,3,1,1,1,6,417,,M,44.972,-0.873,330,3,6.0,0.0,,2,2,28.0,0.0,0,1,3,0,0,1,0,3,0
200800046949,8,8,3,1230,1,1,1,1,7,471,,M,0.0,0.0,330,4,15.0,0.0,,2,0,0.0,0.0,0,1,1,0,40,1,0,1,0
200800046950,8,8,14,430,3,1,1,1,2,125,,M,45.233,-0.879,330,3,1215.0,0.0,,2,2,52.0,800.0,0,1,1,0,78,1,0,1,0
200800046951,8,8,16,715,3,1,1,2,7,208,,M,0.0,0.0,330,3,103.0,1.0,E,2,0,0.0,0.0,0,1,3,0,42,0,0,0,0
200800046952,8,8,29,1945,1,2,2,1,5,466,Lieu dit La Magrine,M,44.827,-0.293,330,3,936.0,0.0,,2,2,22.0,850.0,0,1,1,0,130,1,5,1,99
200800046953,8,8,31,2015,2,1,3,1,1,362,,M,0.0,0.0,330,3,17.0,0.0,,2,2,0.0,0.0,0,1,1,0,64,1,0,1,99
200800046954,8,8,5,1745,1,1,6,1,7,324,,M,44.84,0.26,330,3,936.0,0.0,,2,0,51.0,950.0,0,1,1,62,112,1,5,1,0
200800046955,8,8,10,1230,1,1,6,1,3,324,,M,0.0,0.0,330,3,936.0,0.0,,0,0,0.0,0.0,0,1,0,0,0,1,0,1,0
200800046956,8,8,2,1800,1,1,2,1,3,166,,M,45.062,-0.032,330,3,21.0,0.0,,2,2,7.0,235.0,0,2,3,0,0,1,0,1,99
200800046957,8,8,17,115,3,1,1,1,5,191,,M,45.015,0.033,330,3,1089.0,0.0,,2,0,0.0,520.0,0,1,1,0,75,1,0,1,99
200800046958,8,8,30,1545,1,2,1,1,1,364,LIEU-DIT RAYNAUD,M,44.966,-0.276,330,4,8.0,0.0,,2,2,0.0,0.0,0,1,3,0,41,1,0,1,99
200800047825,8,8,2,1645,1,2,1,2,2,503,avenue de l'ocean,M,0.0,0.0,330,3,5.0,3.0,E,2,2,0.0,994.0,0,1,1,0,59,2,0,1,99
200800047826,8,8,20,1130,1,2,1,1,1,214,ROUTE DE BORDEAUX,M,0.0,0.0,330,3,6.0,0.0,,2,2,0.0,0.0,0,1,3,58,0,1,0,1,99
200800047827,8,8,22,1615,1,1,1,1,6,97,,M,0.0,0.0,330,3,207.0,0.0,,2,2,13.0,700.0,0,1,2,0,0,1,0,0,0
200800047833,8,8,20,1630,1,2,1,1,3,199,DESSERTE A660,M,44.621,-1.075,330,4,1.0,0.0,,2,0,0.0,0.0,0,1,1,0,58,1,0,1,0
200800047834,8,8,26,1230,1,2,1,1,1,199,32 rue de fontebride,M,0.0,0.0,330,4,0.0,0.0,,2,1,0.0,0.0,0,0,1,0,43,1,0,3,99
200800047935,8,8,9,145,3,1,1,1,2,498,,M,44.573,-0.831,330,1,63.0,0.0,A,1,2,32.0,0.0,3,1,1,200,100,1,0,1,0
200800047936,8,8,13,530,3,1,1,1,6,527,,M,44.619,-1.047,330,1,660.0,0.0,,1,2,17.0,600.0,0,1,1,10,76,1,0,1,0
200800047937,8,8,15,2045,5,1,1,1,3,199,,M,44.621,-1.106,330,2,250.0,0.0,,2,2,22.0,0.0,3,1,1,60,0,1,0,1,0
200800047938,8,8,29,800,1,1,1,1,3,284,,M,44.661,-0.829,330,1,63.0,0.0,,3,2,22.0,300.0,0,0,1,100,75,1,0,1,0
200800048674,8,9,20,530,3,2,1,1,6,229,Pont de titoune,M,44.73,-1.06,330,4,0.0,0.0,,2,2,0.0,0.0,0,1,2,0,62,1,0,3,0
200800049038,8,9,22,1300,1,1,1,1,2,498,,M,0.0,0.0,330,3,1010.0,0.0,,2,0,0.0,0.0,0,1,1,0,76,1,0,1,0
200800049039,8,9,29,1000,1,1,1,1,3,498,,M,0.0,0.0,330,3,1010.0,0.0,,2,2,79.0,0.0,0,1,1,0,73,1,0,1,99
200800049040,8,9,12,1130,1,2,1,1,3,56,RUE GUYNEMER/AV 11 NOV,M,44.928,-0.622,330,3,210.0,0.0,,2,2,11.0,0.0,0,1,1,0,69,1,5,1,99
200800049041,8,9,29,1845,2,2,3,1,3,56,Angle Rue Montesquieu/Mo,M,44.912,-0.64,330,4,0.0,0.0,,2,2,0.0,0.0,0,1,3,0,70,1,0,1,99
200800049042,8,9,11,2230,5,2,9,1,1,236,Av DE GAULLE,M,0.0,0.0,330,3,106.0,0.0,,2,2,0.0,0.0,0,1,1,0,60,1,0,1,99
200800049043,8,9,29,45,5,2,1,1,6,236,PIRAILLAN,M,0.0,0.0,330,3,106.0,0.0,,2,2,0.0,0.0,0,1,2,0,60,1,0,4,99
200800049044,8,9,8,1715,1,2,1,1,5,58,VC7,M,45.131,-0.645,330,4,7.0,7.0,,2,0,0.0,0.0,0,1,3,0,47,1,0,1,0
200800049045,8,9,15,30,5,2,1,1,6,405,SEGONZAC,M,0.0,0.0,330,4,0.0,0.0,,2,0,0.0,0.0,0,1,1,0,31,1,0,4,99
200800049046,8,9,30,1945,1,1,1,1,3,47,,M,0.0,0.0,330,3,137.0,0.0,,2,2,0.0,0.0,0,2,1,0,76,1,0,1,0
200800049047,8,9,12,1800,1,1,1,1,1,351,,M,45.218,-0.496,330,3,132.0,0.0,,2,1,6.0,718.0,0,1,1,0,48,1,0,1,0
200800049048,8,9,28,2000,3,1,1,1,7,159,,M,45.208,-0.584,330,3,137.0,0.0,,2,0,29.0,0.0,0,0,3,0,60,1,0,1,0
200800049049,8,9,14,130,3,1,9,2,6,123,,M,45.088,-0.381,330,3,18.0,0.0,,2,2,33.0,800.0,0,1,2,0,67,2,0,3,99
200800049050,8,9,26,1500,1,1,2,1,3,473,,M,45.197,-0.457,330,3,132.0,0.0,,2,2,0.0,0.0,0,2,1,0,67,1,0,1,0
200800049051,8,9,28,1645,1,2,1,1,3,114,Avenue de PARIS,M,45.105,-0.388,330,3,18.0,0.0,,2,2,0.0,0.0,0,1,0,0,0,1,0,1,99
200800049052,8,9,11,1900,2,2,6,1,3,3,rue de Formont,M,44.924,-0.507,330,4,0.0,0.0,,2,2,0.0,0.0,0,1,1,0,71,1,0,1,99
200800049053,8,9,18,1400,1,1,1,1,3,433,,M,44.925,-0.453,330,3,242.0,0.0,,2,2,0.0,0.0,0,1,1,0,77,1,0,1,0
200800049054,8,9,20,1445,1,2,1,1,1,165,route de Lignan,M,0.0,0.0,330,3,115.0,0.0,,2,0,0.0,0.0,0,0,3,0,60,1,0,1,0
200800049055,8,9,16,1645,1,2,1,1,7,238,avenue foch,M,0.0,0.0,330,4,8.0,0.0,,2,2,0.0,0.0,0,2,1,0,91,1,0,1,99
200800049056,8,9,16,645,2,2,1,1,3,120,RD 1113,M,44.637,-0.334,330,3,1113.0,0.0,,2,2,0.0,0.0,0,1,1,0,74,1,0,1,99
200800049057,8,9,27,2315,3,1,1,1,6,76,,M,44.552,-0.381,330,3,118.0,0.0,,2,2,0.0,0.0,0,1,2,0,51,1,0,3,0
200800049058,8,9,7,1115,1,2,3,1,3,366,40 rue Hubert de l'Isle,M,45.0,-0.447,330,9,0.0,0.0,,1,0,0.0,0.0,0,2,1,50,0,1,5,1,99
200800049059,8,9,21,800,3,1,1,1,3,366,,M,45.017,-0.441,330,3,137.0,0.0,,2,2,1.0,675.0,0,1,1,0,70,1,0,1,0
200800049060,8,9,9,1230,1,1,1,2,1,533,,M,,,330,3,1113.0,0.0,,2,2,30.0,850.0,0,1,3,64,64,2,0,1,0
200800049061,8,9,14,430,3,1,1,1,7,74,,M,0.0,0.0,330,3,125.0,0.0,,2,2,31.0,0.0,0,1,1,0,45,1,0,3,0
200800049062,8,9,30,1700,1,1,1,1,6,188,,M,0.0,0.0,330,3,10.0,0.0,,2,2,157.0,100.0,0,1,2,0,60,1,0,1,0
200800049063,8,9,25,845,2,1,1,1,2,523,,M,44.758,-0.25,330,3,671.0,0.0,,2,2,17.0,400.0,0,1,1,64,0,1,0,3,0
200800049064,8,9,16,1600,1,1,1,1,1,38,,M,45.372,-0.914,330,3,210.0,0.0,,2,2,6.0,792.0,0,1,1,0,60,1,0,1,0
200800049065,8,9,29,2230,3,1,1,1,2,248,,M,0.0,0.0,330,3,1215.0,0.0,,2,0,0.0,0.0,0,1,1,0,64,1,0,1,99
200800049066,8,9,30,700,3,1,1,5,7,256,,M,0.0,0.0,330,3,209.0,0.0,,2,2,5.0,900.0,0,1,3,0,55,1,0,1,0
200800049067,8,9,8,1945,1,2,2,1,3,125,Rte de la petite rivaux,M,45.228,-0.841,330,4,1.0,0.0,,2,2,0.0,0.0,0,1,1,0,60,1,5,1,99
200800049068,8,9,15,2330,5,2,1,1,6,314,rue Rabie,M,0.0,0.0,330,4,0.0,0.0,,2,2,0.0,0.0,0,1,1,0,60,1,0,1,0
200800049069,8,9,13,1115,1,1,1,2,1,125,,M,45.22,-0.832,330,3,205.0,0.0,,2,2,14.0,750.0,0,1,1,0,60,2,5,1,0
200800049070,8,9,23,2330,3,1,1,1,6,125,,M,0.0,0.0,330,3,1215.0,0.0,,2,2,52.0,0.0,0,0,1,0,0,1,0,1,99
200800049071,8,9,21,1500,1,1,1,1,1,125,,M,45.221,-0.826,330,3,205.0,0.0,,2,0,15.0,300.0,0,0,3,0,62,1,0,1,0
200800049072,8,9,24,1915,1,1,1,1,6,179,,M,0.0,0.0,330,3,120.0,1.0,D,2,2,15.0,150.0,0,1,1,0,57,1,0,3,0
200800049073,8,9,23,2030,5,2,1,1,3,185,Le BOURG,M,44.86,-0.258,330,3,121.0,0.0,,2,2,0.0,0.0,0,0,0,64,0,1,0,1,0
200800049074,8,9,20,315,3,1,1,1,6,480,,M,0.0,0.0,330,4,303.0,0.0,,2,0,0.0,0.0,0,0,3,0,30,1,0,0,99
200800049075,8,9,16,1345,1,2,1,1,1,1,TRIPOTEAU,M,0.0,0.0,330,3,1089.0,0.0,,2,2,14.0,300.0,0,1,1,0,104,1,5,1,99
200800049076,8,9,29,1215,1,1,3,1,3,138,,M,0.0,0.0,330,3,21.0,0.0,,2,2,0.0,0.0,0,0,1,0,0,1,5,1,99
200800049077,8,9,7,1930,1,1,1,1,2,393,,M,0.0,0.0,330,3,1089.0,0.0,,2,2,14.0,300.0,0,0,1,0,130,1,5,1,0
200800049641,8,9,19,2000,2,1,1,1,3,214,,M,0.0,0.0,330,3,6.0,6.0,,2,2,0.0,0.0,0,1,1,0,72,1,5,1,0
200800049649,8,9,10,1600,1,2,1,1,2,65,route de Latresne,M,44.825,-0.512,330,3,10.0,0.0,,2,2,77.0,878.0,3,1,1,0,62,1,5,1,99
200800052245,8,9,21,1800,1,1,1,1,7,529,PORTES DE L'OCEAN (BD DE,,,,330,3,0.0,0.0,,2,2,2.0,735.0,0,1,2,0,70,1,0,1,99
200800052246,8,9,23,2105,5,2,1,1,3,9,"122, PLAGE (BD DE LA) DU",,,,330,4,0.0,0.0,,2,2,,,0,1,1,0,68,1,0,1,99
200800052247,8,9,16,1926,2,2,1,1,6,9,"40, NATHANIEL JOHNSTON (",,,,330,4,0.0,0.0,,2,2,,,0,1,1,0,59,1,0,1,99
200800052248,8,9,3,1115,1,2,1,1,2,63,"360, AVE MAL DE LATTRE T",,,,330,4,0.0,0.0,,2,3,,,2,1,1,0,157,2,0,1,0
200800052249,8,9,3,1410,1,2,1,1,2,63,"199, BD DU PRESIDENT WIL",,,,330,4,0.0,0.0,,3,4,,,2,1,1,60,182,1,0,1,0
200800052250,8,9,3,1555,1,2,1,2,3,63,"52, BD PIERRE 1ER",,,,330,4,0.0,0.0,,3,4,,,2,1,1,0,70,2,0,5,0
200800052251,8,9,1,1340,1,2,1,1,2,318,"8, AVE GUSTAVE EIFFEL",,,,330,4,0.0,0.0,,2,2,,,0,1,1,0,0,1,0,1,0
200800052252,8,9,4,845,1,2,1,1,2,63,"130, AVE CHARLES DE GAUL",,,,330,4,0.0,0.0,,1,2,,,3,1,1,0,55,2,0,1,0
200800052253,8,9,2,2040,2,2,1,1,1,281,"15, RUE ROBERT LAURENT",,,,330,4,0.0,0.0,,2,2,,,0,1,1,0,100,1,0,1,0
200800052254,8,9,2,1715,1,2,1,1,3,281,"02, AVE DU CHATEAU D'EAU",,,,330,4,0.0,0.0,,2,2,,,0,1,1,0,0,1,0,1,0
200800052255,8,9,1,1825,1,2,1,1,4,281,"95, AVE DE L'ARGONNE",,,,330,4,0.0,0.0,,2,2,,,0,2,1,0,100,1,5,1,0
200800052256,8,9,5,745,2,2,3,2,3,63,QUAI DES CHARTRONS,,,,330,4,0.0,0.0,,3,6,,,1,1,1,0,0,2,0,1,0
200800052257,8,9,6,1500,1,2,1,1,6,167,ALL DE LA GABARRE,,,,330,4,0.0,0.0,,2,2,,,0,0,0,0,0,0,0,0,0
200800052258,8,9,5,401,5,2,1,1,6,63,"55-57, QUAI DE PALUDATE",,,,330,4,0.0,0.0,,2,2,,,2,1,1,0,181,1,2,1,0
200800052259,8,9,5,1120,1,2,2,1,6,63,RUE MOUNEYRA,,,,330,4,0.0,0.0,,1,1,,,0,1,1,0,0,1,0,1,0
200800052260,8,9,5,840,1,2,1,2,2,63,"150, AVE DE LA REPUBLIQU",,,,330,4,0.0,0.0,,1,2,,,0,1,1,0,96,2,0,1,0
200800052261,8,9,4,1010,1,2,3,2,7,281,AVE DU CHATEAU D'EAU,,,,330,4,0.0,0.0,,2,2,,,3,1,1,0,60,2,0,1,0
200800052262,8,9,3,1255,1,2,1,2,2,69,"380, AVE DE LA LIBERATIO",,,,330,4,0.0,0.0,,3,2,,,0,1,1,36,48,1,0,1,0
200800052263,8,9,8,1721,1,2,2,1,6,63,CRS D'ALSACE ET LORRAINE,,,,330,4,0.0,0.0,,2,2,,,3,1,1,0,0,1,4,1,0
200800052264,8,9,8,835,1,2,2,1,3,63,CRS DE LA MARNE,,,,330,4,0.0,0.0,,1,1,,,0,1,1,0,36,1,0,1,0
200800052265,8,9,9,1010,1,2,3,1,6,63,RUE SAINT SERNIN,,,,330,4,0.0,0.0,,2,2,,,0,0,1,0,50,2,0,1,0
200800052266,8,9,9,1445,1,2,1,1,2,63,"166, RUE DU PALAIS GALLI",,,,330,4,0.0,0.0,,1,1,,,0,1,1,0,29,1,0,1,0
200800052267,8,9,3,1805,1,2,1,1,2,39,"468, RTE DE TOULOUSE",,,,330,4,0.0,0.0,,2,30,,,0,2,1,0,135,2,0,1,0
200800052268,8,9,5,1930,1,2,2,1,3,167,RUE MARCEL SEMBAT,,,,330,4,0.0,0.0,,2,2,,,0,1,1,0,60,1,0,1,0
200800052269,8,9,9,145,5,2,2,1,3,318,AVE DU BOURGAILH,,,,330,4,0.0,0.0,,1,2,,,0,1,1,0,0,1,2,1,0
200800052270,8,9,10,708,1,2,1,1,6,63,"202, CRS SAINT LOUIS",,,,330,4,0.0,0.0,,1,2,,,1,1,1,0,100,1,0,1,0
200800052271,8,9,10,1940,1,2,1,1,3,63,"21, ALL HAUSMANN",,,,330,4,0.0,0.0,,2,2,,,2,1,1,0,90,1,0,1,0
200800052272,8,9,5,2225,5,2,1,1,3,550,"51, AVE EDOUARD BOURLEAU",,,,330,4,0.0,0.0,,2,2,,,0,1,1,0,0,1,0,1,0
200800052273,8,9,6,2025,2,2,5,1,5,75,AVE DE TERREFORT,,,,330,4,0.0,0.0,,2,2,,,0,3,0,0,100,1,0,1,0
200800052274,8,9,9,1715,1,2,1,1,2,318,"41, AVE DU GENERAL LECLE",,,,330,4,0.0,0.0,,2,2,,,0,1,1,0,110,1,0,1,0
200800052275,8,9,10,1830,1,2,3,1,3,318,AVE DE LA PAILLERE,,,,330,4,0.0,0.0,,2,2,,,0,1,1,0,0,1,0,1,0
200800052276,8,9,8,1400,1,2,1,1,2,39,RUE FERDINAND BUISSON,,,,330,4,0.0,0.0,,3,2,,,0,1,1,30,130,1,0,1,0
200800052277,8,9,4,1820,1,2,1,1,2,192,"78, CRS DU GENERAL DE GA",,,,330,4,0.0,0.0,,2,2,,,0,1,1,0,98,1,0,1,0
200800052278,8,9,14,1650,1,2,2,1,3,63,RUE JUDAIQUE,,,,330,4,0.0,0.0,,2,4,,,0,1,1,0,91,1,0,1,0
200800052279,8,9,10,1200,1,2,3,1,2,63,AVE DE MERIGNAC CAUD,,,,330,4,0.0,0.0,,2,2,,,0,1,1,0,68,1,0,1,0
200800052280,8,9,13,1950,1,2,1,1,5,63,RUE DETROIS CAUD,,,,330,4,0.0,0.0,,2,2,,,1,1,1,0,101,1,0,1,0
200800052281,8,9,13,335,5,2,1,1,6,63,PCE PIERRE RENAUDEL,,,,330,4,0.0,0.0,,1,1,,,0,1,1,0,60,1,0,1,0
200800052282,8,9,12,1320,1,2,1,1,2,63,"168, RUE D'ORNANO",,,,330,4,0.0,0.0,,2,6,,,2,1,1,0,0,1,4,1,0
200800052283,8,9,12,2015,5,2,3,1,6,63,RUE H. COLLIGNON,,,,330,4,0.0,0.0,,1,1,,,0,1,2,0,0,2,0,1,0
200800052284,8,9,10,1945,1,2,1,1,3,281,RUE DU MUGUET,,,,330,4,0.0,0.0,,2,2,,,0,1,1,0,50,0,0,1,0
200800052285,8,9,11,1220,1,2,2,1,3,119,AVE RENE CASSAGNE,,,,330,4,0.0,0.0,,0,1,,,0,1,1,0,0,1,0,1,0
200800052286,8,9,17,800,1,2,2,1,3,281,AVE DE LA FORET,,,,330,4,0.0,0.0,,2,3,,,0,1,1,0,90,1,0,1,0
200800052287,8,9,16,1345,1,2,1,1,2,63,RUE ANTOINE BOURDELLE,,,,330,4,0.0,0.0,,3,2,,,2,1,3,0,40,1,0,1,0
200800052288,8,9,15,1445,1,2,1,1,2,167,"104, AVE JEAN JAURES",,,,330,4,0.0,0.0,,2,2,,,0,1,2,0,70,1,0,1,0
200800052289,8,9,15,840,1,2,1,1,5,119,AVE CARNOT,,,,330,4,0.0,0.0,,2,3,,,1,3,2,0,11,1,0,1,0
200800052290,8,9,16,1850,1,2,2,1,3,63,RUE DU SACRE COEUR CAUD,,,,330,4,0.0,0.0,,2,2,,,0,1,0,0,115,1,0,1,0
200800052291,8,9,16,1925,1,2,3,1,3,119,RUE BLAISE PASCAL,,,,330,4,0.0,0.0,,2,2,,,0,1,1,0,71,1,0,1,0
200800052292,8,9,17,1800,1,2,1,1,2,63,"06, CRS GEORGES CLEMENCE",,,,330,4,0.0,0.0,,2,4,,,0,1,1,0,0,1,0,1,0
200800052293,8,9,17,1405,1,2,2,1,2,63,RUE DE CURSOL,,,,330,4,0.0,0.0,,2,2,,,0,1,1,0,60,1,0,1,0
200800052294,8,9,14,1845,1,2,3,1,3,249,"03, QUAI NUMA SENSINE",,,,330,4,0.0,0.0,,2,2,,,0,1,1,0,86,1,0,1,0
200800052295,8,9,16,1440,1,2,1,1,2,318,AVE DU GENERAL LECLERC,,,,330,4,0.0,0.0,,3,2,,,0,1,1,0,85,1,0,1,3
200800052296,8,9,12,2250,5,2,1,2,1,65,RTE DE LATRESNE,,,,330,4,0.0,0.0,,2,2,,,2,3,3,0,90,2,0,1,0
200800052297,8,9,17,1820,1,2,1,1,3,32,"28, AVE FELIX CAILLEAU",,,,330,4,0.0,0.0,,2,2,,,0,2,1,0,90,1,0,1,0
200800052298,8,9,12,1020,1,2,1,2,2,39,"468, RTE DE TOULOUSE",,,,330,4,0.0,0.0,,2,3,,,0,3,1,0,147,2,0,1,0
200800052299,8,9,15,1845,1,2,4,1,3,281,RUE ALPHONSE DAUDET,,,,330,4,0.0,0.0,,1,2,,,0,1,1,0,68,1,0,1,0
200800052300,8,9,21,1240,1,2,1,1,3,63,"29, QUAI DE BACALAN",,,,330,4,0.0,0.0,,3,3,,,0,1,1,0,58,1,4,1,0
200800052301,8,9,20,1900,1,2,1,1,3,63,"323, AVE MAL DE LATTRE T",,,,330,4,0.0,0.0,,2,2,,,0,1,1,0,52,1,0,5,0
200800052302,8,9,20,55,5,2,1,1,6,63,"108, QUAI DE PALUDATE",,,,330,4,0.0,0.0,,2,2,,,2,1,1,0,130,1,0,1,0
200800052303,8,9,18,1720,1,2,6,1,6,119,AVE PIERRE BROSSOLETTE,,,,330,4,0.0,0.0,,2,2,,,0,1,1,0,69,1,5,1,0
200800052304,8,9,15,1150,1,2,1,1,2,39,AVE JEANNE D'ARC,,,,330,4,0.0,0.0,,2,2,,,0,1,1,0,68,1,2,1,0
200800052305,8,9,23,38,5,2,1,1,7,63,"3, RUE MAZARIN",,,,330,4,0.0,0.0,,2,2,,,0,1,1,0,61,1,0,1,0
200800052306,8,9,22,1230,1,2,5,1,3,63,RUE DE PESSAC,,,,330,4,0.0,0.0,,2,2,,,0,1,1,0,0,1,0,1,0
200800052307,8,9,22,2140,5,2,3,1,3,63,CRS CHARLES BRICAUD,,,,330,4,0.0,0.0,,3,5,,,0,1,1,30,200,1,0,1,0
200800052308,8,9,18,835,1,2,3,2,1,75,AVE DES 4 PONTS,,,,330,4,0.0,0.0,,2,2,,,1,1,1,0,69,2,0,5,0
200800052309,8,9,19,1800,1,2,1,1,7,281,PCE CHARLES DE GAULLE,,,,330,4,0.0,0.0,,3,4,,,0,1,1,37,198,1,0,1,0
200800052310,8,9,20,920,1,2,6,1,6,119,AVE DU PRESIDENT J.F. KE,,,,330,4,0.0,0.0,,1,3,,,0,1,2,0,103,1,5,1,0
200800052311,8,9,22,1645,1,2,1,1,2,32,RUE DU 19 MARS 1962,,,,330,4,0.0,0.0,,1,1,,,0,1,1,0,88,1,0,1,3
200800052312,8,9,22,1800,1,2,1,1,3,167,"146, CHEM DES PLATEAUX",,,,330,4,0.0,0.0,,2,2,,,0,1,1,0,70,1,0,1,0
200800052313,8,9,14,850,1,2,1,1,1,192,RTE DE CANEJAN,,,,330,4,0.0,0.0,,2,2,,,1,0,0,0,59,0,0,5,0
200800052314,8,9,14,1024,1,2,1,1,6,63,"245-251, CRS DU MARECHAL",,,,330,4,0.0,0.0,,2,2,,,0,0,0,14,50,1,0,1,0