Num_Acc,an,mois,jour,hrmn,lum,agg,int,atm,col,com,adr,gps,lat,long,dep,catr,voie,v1,v2,circ,nbv,pr,pr1,vosp,prof,plan,lartpc,larrout,surf,infra,situ,env1
200800052315,8,9,23,755,1,2,1,1,6,63,"114, CRS VICTOR HUGO",,,,330,4,0.0,0.0,,2,4,,,3,1,1,0,0,1,0,1,0
200800052316,8,9,23,1745,1,2,1,1,3,63,"271, AVE MAL DE LATTRE T",,,,330,4,0.0,0.0,,2,2,,,2,1,1,0,50,1,0,1,0
200800052317,8,9,23,1910,1,2,1,1,2,63,"75, CITE SNCF/BD JEAN JA",,,,330,4,0.0,0.0,,3,2,,,0,1,1,9,135,1,0,1,3
200800052318,8,9,23,2115,5,2,2,1,6,63,RUE DES REMPARTS,,,,330,4,0.0,0.0,,1,1,,,0,1,1,0,60,1,6,2,0
200800052319,8,9,23,2030,5,2,2,1,3,63,RUE LAFONTAINE,,,,330,4,0.0,0.0,,2,2,,,0,1,1,0,80,1,0,1,0
200800052320,8,9,18,1317,1,2,2,1,3,281,CHEM DE LA PRINCESSE,,,,330,4,0.0,0.0,,2,2,,,0,1,1,0,49,1,0,0,0
200800052321,8,9,23,1815,1,2,3,1,3,63,BD DU PRESIDENT WILSON,,,,330,4,0.0,0.0,,1,2,,,0,2,1,0,85,1,0,1,0
200800052322,8,9,23,910,1,2,1,1,2,63,"186, AVE THIERS",,,,330,4,0.0,0.0,,3,4,,,1,1,1,0,104,1,0,1,0
200800053109,8,9,23,756,1,2,1,1,6,63,"44, RUE DAVID JOHNSTON",,,,330,4,0.0,0.0,,1,1,,,2,1,1,0,57,1,0,5,3
200800053110,8,9,23,735,1,2,3,1,3,63,BD ALFRED DANEY,,,,330,4,0.0,0.0,,2,2,,,0,1,1,0,70,1,0,1,0
200800053111,8,9,24,1845,1,2,3,1,3,63,RUE GEORGES BOUBES,,,,330,4,0.0,0.0,,2,2,,,0,1,1,0,0,1,0,1,0
200800053112,8,9,20,1030,1,2,1,1,4,119,"18, AVE RENE CASSAGNE",,,,330,4,0.0,0.0,,3,2,,,2,1,1,18,123,1,0,1,0
200800053113,8,9,24,1430,1,2,2,1,6,63,CRS DE LA MARNE,,,,330,4,0.0,0.0,,2,2,,,0,1,1,0,0,1,0,1,0
200800053114,8,9,24,2130,5,2,2,1,3,63,ALL HAUSMANN,,,,330,4,0.0,0.0,,1,2,,,2,1,1,0,76,1,0,1,0
200800053115,8,9,17,710,1,2,2,1,3,550,CHEM DE BRIGNON,,,,330,4,0.0,0.0,,2,2,,,0,1,1,0,59,1,0,1,0
200800053116,8,9,19,1020,1,2,2,1,3,119,AVE DU PDT VINCENT AURIO,,,,330,4,0.0,0.0,,3,2,,,2,1,1,18,104,1,0,1,0
200800053117,8,9,19,825,1,2,3,1,2,167,RUE ARISTIDE BERGES,,,,330,4,0.0,0.0,,2,4,,,0,1,1,0,159,1,0,1,0
200800053118,8,9,17,1845,1,2,2,1,3,550,AVE DES PYRENEES,,,,330,4,0.0,0.0,,2,20,,,0,1,1,10,51,1,0,1,0
200800053119,8,9,25,945,1,2,2,1,3,63,RUE STEHELIN CAUD,,,,330,4,0.0,0.0,,2,2,,,2,1,1,0,0,1,0,1,0
200800053120,8,9,26,50,5,2,1,1,6,281,AVE MARCEL DASSAULT,,,,330,4,0.0,0.0,,2,2,,,1,1,2,0,100,1,0,3,0
200800053121,8,9,28,1640,1,2,1,1,2,63,BD ALIENOR D'AQUITAINE,,,,330,4,0.0,0.0,,3,3,,,0,1,1,0,0,1,0,1,0
200800053122,8,9,26,1245,1,2,1,1,2,63,BD DU PRESIDENT WILSON,,,,330,4,0.0,0.0,,3,4,,,2,1,1,0,0,1,0,1,0
200800053123,8,9,26,1355,1,2,3,1,3,63,QUAI DESCHAMPS,,,,330,4,0.0,0.0,,3,2,,,0,1,1,87,0,1,0,1,0
200800053124,8,9,28,115,5,2,1,1,2,63,"94, CRS DE LA MARNE",,,,330,4,0.0,0.0,,2,3,,,3,1,1,0,89,1,0,1,0
200800053125,8,9,26,640,5,2,1,1,2,63,"190, CRS DE LA SOMME",,,,330,4,0.0,0.0,,2,2,,,0,1,1,0,900,1,0,1,0
200800053126,8,9,26,745,1,2,1,1,3,63,"101, AVE D'EYSINES CAUD",,,,330,4,0.0,0.0,,2,2,,,0,1,1,0,60,1,0,1,0
200800053127,8,9,23,1925,1,2,1,1,6,119,"22, RUE PROFESSEUR CALME",,,,330,4,0.0,0.0,,1,10,,,0,1,1,0,59,1,0,1,0
200800053128,8,9,26,1910,1,2,3,1,3,63,BD ALBERT 1ER,,,,330,4,0.0,0.0,,2,2,,,0,1,1,0,0,1,0,1,0
200800053129,8,9,19,711,5,2,2,1,3,318,AVE PASTEUR,,,,330,4,0.0,0.0,,2,2,,,0,1,1,0,100,1,0,1,0
200800053130,8,9,22,820,1,2,2,1,3,281,RUE CAMILLE GOILLOT,,,,330,4,0.0,0.0,,3,2,,,2,1,1,28,120,1,0,5,0
200800053131,8,9,19,710,5,2,1,1,6,281,"24, AVE DE LA MARNE",,,,330,4,0.0,0.0,,3,4,,,0,1,1,13,162,2,0,1,0
200800053132,8,9,23,2030,5,2,1,1,2,318,"96, AVE DU DOCTEUR ALBER",,,,330,4,0.0,0.0,,3,2,,,2,1,1,0,0,1,5,1,0
200800053133,8,9,24,1810,1,2,1,1,4,281,"27, AVE DE MAGUDAS",,,,330,4,0.0,0.0,,2,3,,,0,1,1,0,90,1,0,1,0
200800053134,8,9,23,750,1,2,6,1,3,69,RUE AUSONE,,,,330,4,0.0,0.0,,2,2,,,0,1,1,0,68,1,5,1,0
200800053135,8,9,24,1330,1,2,1,1,3,69,"317, AVE DE LA LIBERATIO",,,,330,4,0.0,0.0,,2,2,,,0,1,1,0,87,1,0,1,0
200800053136,8,9,25,1550,1,2,6,1,3,318,AVE MARC DESBATS,,,,330,4,0.0,0.0,,3,2,,,1,1,1,20,100,1,5,1,0
200800053137,8,9,23,1905,1,2,3,1,1,522,AVE DE THOUARS,,,,330,4,0.0,0.0,,2,4,,,1,1,1,0,92,1,0,1,0
200800053138,8,9,25,815,1,2,1,1,2,318,AVE DE SAIGE,,,,330,4,0.0,0.0,,2,2,,,0,3,1,0,0,1,2,1,0
200800053139,8,9,30,820,1,2,2,1,3,39,BD ALBERT 1ER,,,,330,4,0.0,0.0,,2,2,,,0,2,1,0,0,1,0,1,0
200800053140,8,9,22,855,1,2,1,1,3,69,"316, AVE DE LA LIBERATIO",,,,330,4,0.0,0.0,,2,2,,,2,1,1,0,0,1,0,1,0
200800053141,8,9,23,840,1,2,2,1,3,522,RUE DE LA VIEILLE TOUR,,,,330,4,0.0,0.0,,0,1,,,0,1,1,0,0,1,0,5,0
200800053142,8,9,30,2245,5,2,2,1,3,63,AVE MAL DE LATTRE TASSIG,,,,330,4,0.0,0.0,,2,3,,,0,1,1,0,0,1,0,1,0
200800053143,8,9,27,1235,1,2,1,1,3,249,VOIE DESSERTE CTRE CIAL,,,,330,4,0.0,0.0,,2,2,,,0,1,1,0,63,1,0,1,0
200800053144,8,9,29,1240,1,2,1,1,3,63,"363, BD DU PRESIDENT WIL",,,,330,4,0.0,0.0,,3,4,,,2,0,1,0,133,1,0,1,0
200800053145,8,9,29,820,1,2,1,1,2,318,"18, AVE PAUL MONTAGNE",,,,330,4,0.0,0.0,,3,2,,,2,1,1,10,110,1,0,1,0
200800053146,8,9,24,1200,1,2,2,1,3,75,AVE DE L EUROPE,,,,330,4,0.0,0.0,,2,2,,,0,1,1,0,80,1,0,1,0
200800053147,8,9,25,750,1,2,3,1,3,39,RUE PIERRE ET MARIE CURI,,,,330,4,0.0,0.0,,1,1,,,0,1,1,0,48,1,0,1,0
200800053148,8,9,26,1735,1,2,1,1,2,281,RUE DE BEAUDESERT,,,,330,4,0.0,0.0,,2,2,,,0,1,1,0,120,1,0,1,0
200800053149,8,9,26,1525,1,2,1,1,6,281,RUE DE PARIS,,,,330,6,0.0,0.0,,0,0,,,0,0,0,0,0,0,0,1,0
200800053150,8,9,25,1010,1,2,1,1,5,63,"69, AVE JEANNE D'ARC",,,,330,4,0.0,0.0,,2,2,,,0,3,3,0,68,1,0,1,0
200800053151,8,9,26,1738,1,2,1,1,6,69,"169, AVE DE LA LIBERATIO",,,,330,4,0.0,0.0,,2,2,,,0,1,1,0,80,1,0,1,0
200800053152,8,9,26,950,1,2,6,1,3,192,RUE DES FONTAINES DE MON,,,,330,4,0.0,0.0,,1,2,,,1,1,1,0,108,1,5,1,0
200800053153,8,9,29,2000,2,2,3,1,3,119,AVE GEORGES CLEMENCEAU,,,,330,4,0.0,0.0,,2,1,,,0,1,1,0,89,1,4,1,0
200800053154,8,9,29,730,2,2,3,1,3,318,AVE DU DAUPHINE,,,,330,4,0.0,0.0,,3,2,,,0,1,1,0,80,1,0,1,0
200800053155,8,9,2,2205,5,2,7,1,3,243,"12, MOULIN(PLACE JEAN)",,,,330,3,0.0,0.0,,3,2,,,1,1,1,20,84,1,0,1,0
200800053156,8,9,20,1645,1,2,1,1,3,243,"50, ROCADE(AV MARNE A AV",,,,330,2,0.0,0.0,,0,0,,,0,2,3,0,76,1,0,1,99
200800053662,8,9,3,1200,1,1,1,2,6,192,AUTOROUTE A 63,,,,330,1,63.0,0.0,,3,4,0.0,600.0,0,1,2,15,140,2,3,1,0
200800053663,8,9,3,1740,1,1,1,2,3,249,ROCADE A 630,,,,330,1,630.0,0.0,,3,6,0.0,500.0,0,1,2,15,210,2,3,1,0
200800053664,8,9,6,1155,1,1,1,1,4,122,AUTOROUTE A 63,,,,330,1,63.0,0.0,,3,4,7.0,0.0,0,1,1,15,140,1,0,1,0
200800053665,8,9,8,1750,1,1,1,1,3,281,ROCADE A 630,,,,330,1,630.0,0.0,,3,4,18.0,500.0,0,1,1,15,140,1,0,1,0
200800053666,8,9,9,1135,1,1,1,2,6,550,ROCADE A 630,,,,330,1,630.0,0.0,,3,4,31.0,0.0,0,1,2,15,140,2,3,1,0
200800053667,8,9,9,1630,1,1,1,1,5,39,ROCADE A 630,,,,330,1,630.0,0.0,,3,6,33.0,150.0,0,1,1,15,210,1,0,1,0
200800053668,8,9,9,1830,1,1,1,1,2,119,ROUTE NATIONALE 230,,,,330,2,230.0,0.0,,3,6,40.0,800.0,0,1,1,15,210,1,0,1,0
200800053669,8,9,10,1300,1,1,1,1,6,167,ROUTE NATIONALE 230,,,,330,2,230.0,0.0,,3,6,37.0,500.0,0,1,1,15,210,1,0,1,0
200800053670,8,9,11,2233,5,1,1,2,6,249,ROCADE A 630,,,,330,1,630.0,0.0,,3,4,1.0,0.0,0,1,2,15,140,2,3,1,0
200800053671,8,9,12,1600,1,1,1,2,4,122,AUTOROUTE A 63,,,,330,1,63.0,0.0,,3,4,6.0,500.0,0,1,1,15,140,2,0,1,0
200800053672,8,9,12,2020,1,1,1,1,6,249,ROUTE NATIONALE 230,,,,330,2,230.0,0.0,,3,6,43.0,800.0,0,1,1,15,210,1,0,1,0
200800053673,8,9,13,415,5,1,1,1,6,167,ROUTE NATIONALE 230,,,,330,2,230.0,0.0,,3,6,37.0,500.0,0,1,1,15,210,1,0,1,0
200800053674,8,9,14,15,5,1,1,1,2,249,ROUTE NATIONALE 230,,,,330,2,23.0,0.0,,3,8,42.0,601.0,0,1,1,15,280,1,0,1,0
200800053675,8,9,19,1200,1,1,1,1,3,550,ROCADE A 630,,,,330,1,630.0,0.0,,3,6,29.0,0.0,0,1,1,15,210,1,0,1,0
200800053676,8,9,19,1655,1,1,1,1,2,122,AUTOROUTE A 63,,,,330,1,63.0,0.0,,3,4,6.0,400.0,0,1,1,15,140,1,0,1,0
200800053677,8,9,26,730,1,1,1,1,6,318,ROCADE A 630,,,,330,1,630.0,0.0,,3,4,21.0,0.0,0,1,1,15,140,1,0,1,0
200800053678,8,9,27,355,5,1,1,1,6,65,ROUTE NATIONALE 230,,,,330,2,230.0,0.0,,3,6,35.0,0.0,0,1,1,15,210,1,0,1,0
200800053679,8,9,28,735,5,1,1,1,2,122,AUTOROUTE A 63,,,,330,1,63.0,0.0,,3,4,7.0,800.0,0,1,1,15,140,1,0,1,0
200800053734,8,9,19,1840,1,1,1,1,4,192,AUTOROUTE A 63,,,,330,1,63.0,0.0,,3,4,1.0,300.0,0,1,1,15,140,1,0,1,0
200800053735,8,9,20,720,1,1,1,1,6,143,AUTOROUTE A 10,,,,330,1,10.0,0.0,,3,6,533.0,600.0,0,1,1,15,210,1,0,1,0
200800055345,8,10,24,2330,5,2,6,1,6,498,CD 3,M,0.0,0.0,330,3,3.0,0.0,,2,2,0.0,0.0,0,1,2,0,70,1,5,1,99
200800055346,8,10,8,715,2,1,1,1,3,449,,M,0.0,0.0,330,3,211.0,0.0,,2,2,0.0,0.0,0,1,1,0,59,2,0,1,0
200800055347,8,10,18,1730,1,2,1,1,1,449,55 AVENUE DESCARTES,M,0.0,0.0,330,3,6.0,0.0,,3,2,0.0,0.0,1,1,1,0,0,1,0,1,99
200800055348,8,10,29,745,1,1,1,1,6,389,,M,0.0,0.0,330,4,0.0,0.0,,2,1,0.0,0.0,0,0,0,0,40,0,0,0,0
200800055349,8,10,6,900,3,1,1,1,6,233,,M,45.167,-0.342,330,3,2010.0,0.0,,2,2,0.0,200.0,0,1,1,0,0,1,0,1,99
200800055350,8,10,10,2015,5,1,1,1,6,438,,M,44.575,-0.246,330,3,10.0,0.0,,2,2,0.0,0.0,0,1,1,0,65,1,0,3,0
200800055351,8,10,25,745,2,1,1,1,3,49,,M,0.0,0.0,330,3,89.0,0.0,,3,4,40.0,500.0,0,1,1,0,0,1,0,1,99
200800055352,8,10,1,1045,1,2,1,1,6,140,53 BOULEVARD VICTOR HUGO,M,44.781,-0.347,330,3,671.0,0.0,,2,0,0.0,0.0,0,1,1,0,63,1,0,1,0
200800055353,8,10,5,700,2,1,1,1,6,363,,M,0.0,0.0,330,3,671.0,0.0,,2,2,0.0,0.0,0,1,1,0,93,1,0,3,99
200800055354,8,10,2,630,5,1,1,2,3,496,,M,0.0,0.0,330,3,936.0,0.0,,2,0,13.0,600.0,0,1,3,0,70,2,0,1,0
200800055355,8,10,8,630,2,1,1,2,7,120,,M,44.636,-0.331,330,3,11.0,0.0,,2,2,0.0,0.0,0,1,2,0,55,2,0,1,99
200800055356,8,10,20,1845,1,1,1,1,6,366,,M,45.005,-0.464,330,4,1.0,0.0,,2,0,0.0,0.0,0,1,1,0,0,1,0,1,0
200800055357,8,10,6,1100,1,2,6,1,6,227,boulevard pierre lagorce,M,0.0,0.0,330,3,932.0,2.0,E,1,1,0.0,0.0,0,1,1,0,56,1,5,1,0
200800055358,8,10,16,1730,5,2,1,1,6,223,rue des terroirs,M,0.0,0.0,330,3,233.0,0.0,,2,2,0.0,0.0,0,1,2,0,55,1,0,3,0
200800055359,8,10,11,1700,1,1,1,1,1,547,,M,0.0,0.0,330,3,110.0,0.0,,2,0,54.0,100.0,0,1,3,0,55,1,0,1,99
200800055360,8,10,15,1200,1,1,1,1,7,57,,M,44.759,-0.061,330,3,17.0,4.0,E,2,0,0.0,70.0,0,2,3,0,49,1,0,3,0
200800055361,8,10,21,900,1,2,1,1,1,476,1 route de Cadourne,M,45.299,-0.79,330,3,2.0,0.0,,2,2,31.0,100.0,0,1,3,0,55,1,0,1,0
200800055362,8,10,3,2030,3,1,1,2,1,494,,M,0.0,0.0,330,3,1215.0,0.0,,2,2,0.0,0.0,0,1,1,0,60,2,0,1,99
200800055363,8,10,7,1515,1,1,1,2,1,22,,M,45.004,-0.769,330,3,1.0,0.0,,2,2,0.0,0.0,0,1,1,0,63,2,0,1,0
200800055364,8,10,4,2045,3,1,1,1,1,314,,M,0.0,0.0,330,3,2.0,0.0,,2,2,41.0,900.0,0,4,3,0,60,1,0,1,0
200800055365,8,10,7,2045,3,2,1,3,6,15,PORT DU NOYER,M,44.916,-0.257,330,2,2089.0,0.0,,2,4,0.0,0.0,0,1,1,14,121,3,0,1,0
200800055366,8,10,29,615,2,2,1,5,6,207,AV. DU GENERAL DE GAULLE,M,44.924,-0.37,330,3,242.0,0.0,,2,2,0.0,0.0,0,1,1,0,60,1,5,1,99
200800055367,8,10,3,1245,1,1,1,1,1,394,,M,44.935,-0.149,330,3,244.0,0.0,,2,2,5.0,300.0,0,0,1,0,63,1,0,1,99
200800055368,8,10,10,1700,1,1,2,1,3,546,,M,0.0,0.0,330,3,936.0,0.0,,2,2,0.0,0.0,0,1,1,0,62,1,5,1,99
200800055369,8,10,6,745,2,2,1,1,1,108,Av GAMBETTA/CD936,M,0.0,0.0,330,3,936.0,0.0,,2,1,0.0,0.0,0,0,1,0,0,1,5,1,0
200800055370,8,10,27,1415,1,1,1,8,1,480,,M,0.0,0.0,330,3,122.0,0.0,,2,0,31.0,750.0,0,1,3,0,0,2,0,1,99
200800055371,8,10,16,1045,1,1,1,1,1,315,,M,0.0,0.0,330,3,674.0,0.0,,2,2,9.0,362.0,0,1,1,0,71,1,0,1,99
200800055372,8,10,18,215,3,1,1,1,6,393,,M,0.0,0.0,330,3,1089.0,0.0,,0,2,0.0,0.0,0,1,1,0,0,1,0,3,99
200800055373,8,10,18,1430,1,2,1,1,6,509,lieu dit le Bourg,M,0.0,0.0,330,3,120.0,0.0,,2,2,16.0,300.0,0,3,2,0,80,1,0,1,0
200800055374,8,10,11,930,1,2,1,1,6,447,Face 78 rue republique,M,0.0,0.0,330,3,1089.0,0.0,,2,0,7.0,400.0,0,1,1,0,76,1,0,1,99
200800055375,8,10,13,2215,3,1,1,8,6,166,,M,0.0,0.0,330,4,21.0,0.0,,2,2,7.0,200.0,0,2,1,0,63,2,0,3,0
200800055376,8,10,17,1315,1,2,1,1,7,447,rue de Coulmiers,M,0.0,0.0,330,4,0.0,0.0,,1,1,0.0,0.0,0,1,1,0,0,1,0,1,3
200800056520,8,10,3,1745,1,1,1,1,2,97,,M,0.0,0.0,330,3,104.0,0.0,,2,2,22.0,620.0,0,1,1,0,62,1,0,1,0
200800056521,8,10,23,730,2,1,1,1,6,70,,M,45.047,-0.915,330,3,207.0,0.0,,2,2,8.0,900.0,0,1,1,0,0,1,0,1,99
200800056522,8,10,30,1945,5,2,1,3,6,333,Route de Bordeaux,M,0.0,0.0,330,3,3.0,0.0,,2,0,0.0,0.0,0,1,2,0,0,2,0,1,0
200800056540,8,10,3,1730,1,2,1,3,6,5,boulevard  republique,M,44.747,-1.1,330,3,3.0,0.0,,2,0,0.0,0.0,0,1,0,0,0,2,0,1,99
200800056541,8,10,6,1800,1,2,1,1,3,229,carrefour intermarche,M,44.708,-1.04,330,3,3.0,0.0,,2,2,89.0,315.0,0,1,4,0,66,1,5,1,99
200800056542,8,10,17,415,3,1,1,1,7,229,,M,0.0,0.0,330,3,106.0,0.0,,2,0,0.0,0.0,0,1,1,70,0,1,0,1,0
200800056616,8,10,4,815,1,1,1,1,2,498,,M,44.544,-0.831,330,1,63.0,0.0,,3,2,34.0,600.0,3,1,1,140,70,1,0,2,0
200800056617,8,10,15,545,3,1,9,1,6,284,,M,0.0,0.0,330,1,63.0,0.0,,0,2,20.0,0.0,0,1,1,70,35,1,0,1,0
200800057862,8,10,19,740,5,1,1,1,3,529,"., RN 250 (OUSTALET - BO",,,,330,2,0.0,0.0,,1,2,,,0,1,1,0,70,1,0,1,99
200800057863,8,10,26,630,3,1,1,1,6,529,"., RD 1250 (Camicas - So",,,,330,3,0.0,0.0,,2,2,,,0,1,1,0,72,1,0,1,0
200800057864,8,10,26,1255,1,2,1,1,7,529,"57, DE GAULLE (AVE GAL)",,,,330,4,0.0,0.0,,2,2,,,0,1,1,0,80,1,0,1,99
200800057865,8,10,28,2140,5,1,9,1,3,529,"., RN 250 (OUSTALET - BO",,,,330,2,0.0,0.0,,1,2,,,0,1,1,0,82,1,0,1,99
200800057866,8,10,11,1600,1,2,1,1,3,529,"16, TOURNON (RUE DE)",,,,330,4,0.0,0.0,,2,2,,,0,1,1,0,50,1,0,1,99
200800057867,8,10,2,1550,1,2,3,1,6,63,RUE PEYRONNET,,,,330,4,0.0,0.0,,1,1,,,3,1,1,0,63,1,4,1,0
200800057868,8,10,3,950,1,2,2,2,3,63,RUE DU VELODROME CAUD,,,,330,4,0.0,0.0,,1,1,,,0,1,1,0,30,2,0,1,0
200800057869,8,10,3,1720,1,2,3,1,3,63,AVE THIERS,,,,330,4,0.0,0.0,,3,6,,,3,1,1,10,63,1,4,1,0
200800057870,8,10,4,2130,5,2,2,1,3,63,RUE PREMEYNARD,,,,330,4,0.0,0.0,,3,2,,,3,1,1,15,85,1,4,1,0
200800057871,8,10,4,1715,1,2,1,1,6,318,ALL DES TULIPES,,,,330,4,0.0,0.0,,1,2,,,3,2,1,12,53,1,0,1,0
200800057872,8,10,6,1350,1,2,1,1,3,63,"180, RUE GENERAL DE LARM",,,,330,4,0.0,0.0,,1,2,,,2,1,3,0,82,1,0,1,0
200800057873,8,10,6,920,1,2,3,1,3,63,QUAI DES QUEYRIES,,,,330,4,0.0,0.0,,2,2,,,1,1,1,0,120,2,0,1,0
200800057874,8,10,1,1220,1,2,3,1,3,281,RUE CHATEAUBRIAND,,,,330,4,0.0,0.0,,2,2,,,0,1,1,0,36,1,0,1,0
200800057875,8,10,2,855,1,2,1,1,6,281,"136, RUE PAUL DOUMER",,,,330,4,0.0,0.0,,2,2,,,0,2,2,0,0,2,4,1,0
200800057876,8,10,6,1000,1,2,1,1,6,522,"47, RUE GEORGES BIZET",,,,330,4,0.0,0.0,,2,2,,,0,1,1,0,70,1,0,1,0
200800057877,8,10,7,800,1,2,1,1,3,63,"58, BD ALBERT 1ER",,,,330,4,0.0,0.0,,3,4,,,2,2,1,12,162,1,0,1,0
200800057878,8,10,7,2050,5,2,1,3,2,63,PCE AMELIE RABA LEON,,,,330,4,0.0,0.0,,1,2,,,0,1,1,12,60,2,0,1,0
200800057879,8,10,8,1103,1,2,2,1,3,63,"231, AVE D'EYSINES CAUD",,,,330,4,0.0,0.0,,2,2,,,0,1,1,0,58,0,0,1,0
200800057880,8,10,8,2220,5,2,2,1,1,63,BD JEAN-JACQUES BOSC,,,,330,4,0.0,0.0,,2,2,,,0,1,1,0,91,9,0,1,0
200800057881,8,10,9,545,5,2,2,1,3,63,CRS SAINT LOUIS,,,,330,4,0.0,0.0,,2,2,,,1,1,1,0,139,1,0,1,0
200800057882,8,10,3,855,1,2,3,2,3,522,RUE ROBESPIERRE,,,,330,4,0.0,0.0,,2,2,,,0,0,3,0,120,2,0,1,0
200800057883,8,10,3,1700,1,2,1,1,3,69,"15, RUE DES ECUS",,,,330,4,0.0,0.0,,2,2,,,0,1,1,0,70,1,0,1,0
200800057884,8,10,3,1335,1,2,1,1,2,39,RUE FERDINAND BUISSON,,,,330,4,0.0,0.0,,2,2,,,0,2,1,0,76,2,0,1,0
200800057885,8,10,2,2205,5,2,1,8,3,281,AVE MARCEL DASSAULT,,,,330,4,0.0,0.0,,2,2,,,1,1,1,0,103,2,0,1,0
200800057886,8,10,9,2045,5,2,2,1,3,63,RUE BOUTHIER,,,,330,4,0.0,0.0,,2,2,,,1,1,1,0,147,1,0,1,0
200800057887,8,10,8,900,1,2,1,1,6,63,"48, RUE CHANTECRIT",,,,330,4,0.0,0.0,,2,1,,,0,1,1,0,51,1,0,1,0
200800057888,8,10,4,2014,5,2,2,1,3,63,RTE DE TOULOUSE,,,,330,4,0.0,0.0,,3,5,,,0,1,1,0,194,1,0,1,0
200800057889,8,10,4,210,5,2,3,1,1,318,AVE MAL DE LATTRE DE TAS,,,,330,4,0.0,0.0,,2,2,,,0,1,1,0,74,2,0,1,0
200800057890,8,10,5,412,1,2,2,1,3,318,RUE CHATEAUBRIAND,,,,330,4,0.0,0.0,,2,3,,,0,1,1,0,0,1,0,1,0
200800057891,8,10,6,1427,1,2,1,1,2,281,"20, AVE DE L'ALOUETTE",,,,330,4,0.0,0.0,,2,2,,,2,1,1,0,84,1,0,1,0
200800057892,8,10,7,1705,1,2,1,2,3,281,AVE DES TOURELLES DE CHA,,,,330,4,0.0,0.0,,2,2,,,0,1,2,0,60,2,0,1,0
200800057893,8,10,6,750,1,2,1,1,2,550,RTE DE TOULOUSE,,,,330,4,0.0,0.0,,3,4,,,0,1,1,20,86,2,2,1,0
200800057894,8,10,11,1850,2,2,1,1,6,63,"9, AVE THIERS",,,,330,9,0.0,0.0,,3,4,,,0,1,1,0,0,0,0,0,0
200800057895,8,10,10,1330,1,2,1,1,3,63,"56, CRS VICTOR HUGO",,,,330,4,0.0,0.0,,3,4,,,3,1,1,0,134,1,0,1,0
200800057896,8,10,12,400,5,2,1,1,6,63,"64, BD DU PRESIDENT WILS",,,,330,4,0.0,0.0,,3,4,,,1,1,1,0,93,1,0,4,0
200800057897,8,10,12,140,5,2,2,1,3,63,BD ANTOINE GAUTIER,,,,330,4,0.0,0.0,,1,2,,,1,1,1,0,80,1,0,1,0
200800057898,8,10,10,1834,1,2,1,1,3,318,AVE PAUL MONTAGNE,,,,330,4,0.0,0.0,,3,2,,,2,1,1,0,55,1,0,1,0
200800057899,8,10,9,830,1,2,1,1,2,281,AVE DE L'ARGONNE,,,,330,4,0.0,0.0,,3,2,,,0,1,1,20,89,1,0,1,0
200800057900,8,10,14,900,1,2,1,8,3,63,"279, BD DU PRESIDENT WIL",,,,330,4,0.0,0.0,,2,4,,,2,1,1,0,0,1,0,1,0
200800057901,8,10,13,1500,1,2,1,1,2,63,"64, CRS DE VERDUN",,,,330,4,0.0,0.0,,3,3,,,1,1,0,16,169,1,0,1,0
200800057902,8,10,14,2035,5,2,2,1,3,119,AVE DU PDT VINCENT AURIO,,,,330,4,0.0,0.0,,2,2,,,0,1,1,0,61,1,0,1,0
200800057903,8,10,11,945,1,2,3,1,1,281,AVE RENE CASSIN,,,,330,4,0.0,0.0,,2,2,,,0,1,1,0,700,1,2,1,0
200800057904,8,10,11,1355,1,2,1,1,3,281,"56, AVE ARISTIDE BRIAND",,,,330,4,0.0,0.0,,2,2,,,0,1,1,0,64,1,0,1,0
200800057905,8,10,11,830,2,2,3,1,3,281,AVE RENE CASSIN,,,,330,4,0.0,0.0,,2,2,,,0,1,1,0,70,1,3,1,0