Num_Acc,an,mois,jour,hrmn,lum,agg,int,atm,col,com,adr,gps,lat,long,dep,catr,voie,v1,v2,circ,nbv,pr,pr1,vosp,prof,plan,lartpc,larrout,surf,infra,situ,env1
200800057906,8,10,9,1610,1,2,1,1,3,39,"84, RUE DURCY",,,,330,4,0.0,0.0,,2,2,,,1,1,1,0,136,1,0,1,0
200800057907,8,10,12,1620,1,2,1,1,2,119,"12, AVE GEORGES CLEMENCE",,,,330,4,0.0,0.0,,2,2,,,0,1,1,0,64,1,0,1,0
200800057908,8,10,8,1305,1,2,4,1,3,281,AVE FRANCOIS MITTERRAND,,,,330,4,0.0,0.0,,2,4,,,3,2,1,0,167,1,4,1,0
200800057909,8,10,15,1730,1,2,1,1,3,63,PONT SAINT- JEAN,,,,330,4,0.0,0.0,,3,2,,,1,1,1,0,95,1,2,1,0
200800057910,8,10,9,1752,1,2,1,1,3,550,"17, AVE DU MARECHAL LECL",,,,330,4,0.0,0.0,,2,2,,,0,1,1,0,80,1,0,1,0
200800057911,8,10,15,1010,1,2,1,8,2,63,CRS DU MARECHAL GALLIENI,,,,330,4,0.0,0.0,,2,3,,,0,1,3,0,97,1,0,1,0
200800057912,8,10,16,1745,1,2,2,1,7,63,CRS ARISTIDE BRIAND,,,,330,4,0.0,0.0,,1,2,,,0,1,1,0,75,1,0,1,0
200800057913,8,10,16,1215,1,2,2,1,3,63,RUE DE GAULNE,,,,330,4,0.0,0.0,,2,1,,,0,1,1,0,68,1,0,1,0
200800057914,8,10,13,1325,1,2,2,1,3,522,AVE DE THOUARS,,,,330,4,0.0,0.0,,2,2,,,0,1,1,0,93,1,0,1,0
200800057915,8,10,14,2357,5,2,1,1,6,281,AVE DES FRERES ROBINSON,,,,330,4,0.0,0.0,,3,3,,,0,1,1,30,67,1,0,1,0
200800057916,8,10,13,1900,1,2,7,1,6,281,PCE DU GENERAL GOURAUD,,,,330,4,0.0,0.0,,1,2,,,0,1,2,0,0,1,5,1,0
200800057917,8,10,13,2210,5,2,3,1,6,192,CRS DU GENERAL DE GAULLE,,,,330,4,0.0,0.0,,3,3,,,2,1,1,14,115,1,0,1,0
200800057918,8,10,17,1500,1,2,1,1,6,63,"91, QUAI DE BACALAN",,,,330,4,0.0,0.0,,1,3,,,0,1,1,84,93,1,4,1,0
200800057919,8,10,16,915,1,2,1,3,2,63,"26, RUE ESPRIT-DES-LOIS",,,,330,4,0.0,0.0,,2,2,,,2,1,1,0,120,2,0,1,0
200800057920,8,10,17,1309,1,2,1,1,6,63,"60, QUAI RICHELIEU",,,,330,4,0.0,0.0,,3,2,,,3,1,1,0,0,1,4,1,0
200800057921,8,10,19,1345,1,2,1,1,6,63,"84, BD GODARD",,,,330,4,0.0,0.0,,3,4,,,2,1,3,5,116,1,0,1,0
200800057922,8,10,17,1630,1,2,1,1,3,63,"213, CRS DE LA MARNE",,,,330,4,0.0,0.0,,3,3,,,0,0,1,0,0,0,0,1,0
200800057923,8,10,18,140,5,2,1,1,3,63,RUE D'ARMAGNAC,,,,330,4,0.0,0.0,,2,2,,,2,1,1,0,70,1,0,1,0
200800057924,8,10,17,1925,2,2,7,1,1,63,PCE DE CAMPEYRAUT,,,,330,4,0.0,0.0,,2,2,,,0,1,1,0,53,1,5,1,0
200800057925,8,10,16,805,1,2,2,2,3,63,AVE DU GENERAL LECLERC C,,,,330,4,0.0,0.0,,2,2,,,0,1,1,0,100,2,0,1,0
200800057926,8,10,20,1015,1,2,1,1,3,63,"409, AVE MAL DE LATTRE T",,,,330,4,0.0,0.0,,2,3,,,2,1,1,0,117,1,0,1,0
200800057927,8,10,20,1520,1,2,2,1,6,63,CRS DE LA MARNE,,,,330,4,0.0,0.0,,3,3,,,0,1,1,14,70,1,0,1,0
200800057928,8,10,16,900,1,2,2,1,3,318,RUE DU PONT DE CHIQUET,,,,330,4,0.0,0.0,,2,2,,,0,1,1,0,70,2,0,1,0
200800057929,8,10,21,825,2,2,1,1,2,63,"23, QUAI DE PALUDATE",,,,330,4,0.0,0.0,,1,1,,,0,1,1,0,61,1,0,1,0
200800057930,8,10,21,1550,1,2,2,2,3,63,CRS BALGUERIE STUTTENBER,,,,330,4,0.0,0.0,,2,3,,,0,1,1,0,0,2,0,1,0
200800057931,8,10,21,1710,1,2,3,2,3,63,RUE JOSEPH ABRIA,,,,330,4,0.0,0.0,,3,4,,,2,1,1,0,0,2,4,1,0
200800057932,8,10,21,1620,1,2,2,2,3,63,BD GEORGES POMPIDOU,,,,330,4,0.0,0.0,,1,2,,,0,1,1,0,0,2,0,1,0
200800057933,8,10,22,815,1,2,1,1,3,63,"200, AVE THIERS",,,,330,4,0.0,0.0,,3,6,,,1,1,1,0,0,2,4,1,0
200800057934,8,10,22,1750,1,2,1,1,6,63,RUE DE LA BECHADE,,,,330,4,0.0,0.0,,2,2,,,1,1,1,0,110,1,0,1,0
200800057935,8,10,15,1940,5,2,2,1,3,192,CRS DU GENERAL DE GAULLE,,,,330,4,0.0,0.0,,3,3,,,0,1,1,145,120,1,0,1,0
200800057936,8,10,16,719,5,2,4,1,3,75,AVE DE L EUROPE,,,,330,4,0.0,0.0,,2,2,,,0,1,3,0,131,1,0,1,0
200800057937,8,10,11,1940,5,2,1,1,6,281,"75, AVE DE MAGUDAS",,,,330,4,0.0,0.0,,2,30,,,0,1,1,0,90,1,0,1,0
200800057938,8,10,23,2130,5,2,2,1,6,63,RUE FRANCOIS DE SOURDIS,,,,330,4,0.0,0.0,,1,1,,,2,1,1,0,0,1,0,1,0
200800057939,8,10,20,1550,1,2,7,1,1,281,AVE DE LA LIBERATION,,,,330,4,0.0,0.0,,3,6,,,2,1,1,0,0,1,5,1,0
200800057940,8,10,16,815,1,2,6,2,2,281,AVE PIERRE MENDES FRANCE,,,,330,4,0.0,0.0,,3,2,,,0,1,1,0,0,2,5,1,0
200800057941,8,10,22,2120,5,2,1,1,2,249,PCE ARISTIDE BRIAND,,,,330,4,0.0,0.0,,2,1,,,0,1,1,0,60,1,0,1,0
200800057942,8,10,25,1730,1,2,1,1,3,63,"91, RUE JEAN RENAUD DAND",,,,330,4,0.0,0.0,,1,1,,,2,1,1,0,63,1,0,1,0
200800057943,8,10,26,315,5,2,4,1,6,63,RUE DES BEAUX ARTS,,,,330,4,0.0,0.0,,2,3,,,0,1,1,0,0,1,0,1,0
200800057944,8,10,21,2015,5,2,1,2,6,318,"24, AVE DU VALLON",,,,330,4,0.0,0.0,,2,2,,,0,1,1,0,60,2,0,1,0
200800057945,8,10,25,1720,1,2,1,1,3,63,CRS VICTOR HUGO,,,,330,4,0.0,0.0,,3,2,,,0,1,1,0,0,1,0,1,0
200800057946,8,10,23,745,5,2,6,1,3,119,"00, AVE RENE CASSAGNE",,,,330,4,0.0,0.0,,1,2,,,0,1,2,0,0,1,0,1,0
200800057947,8,10,20,1255,1,2,2,1,3,39,RUE LOUIS ROCHEMOND,,,,330,4,0.0,0.0,,2,2,,,0,1,1,0,58,1,0,1,0
200800057948,8,10,26,1035,1,2,3,1,6,318,AVE DU BOURGAILH,,,,330,4,0.0,0.0,,2,2,,,0,1,1,0,0,1,0,1,0
200800057949,8,10,21,740,5,2,1,1,6,249,AVE CARNOT,,,,330,4,0.0,0.0,,3,3,,,1,2,1,13,234,1,0,1,0
200800057950,8,10,17,1310,1,2,1,1,3,192,RUE NAUDET,,,,330,4,0.0,0.0,,2,2,,,0,1,1,0,70,1,0,1,0
200800057951,8,10,25,1900,5,2,1,1,6,249,AVE CARNOT,,,,330,4,0.0,0.0,,1,1,,,0,1,1,0,34,1,0,1,0
200800057952,8,10,22,1635,1,2,3,1,3,281,AVE DE MAGUDAS,,,,330,4,0.0,0.0,,2,2,,,0,1,1,0,35,1,0,1,0
200800057953,8,10,28,810,1,2,1,1,2,63,"228, AVE DE LA REPUBLIQU",,,,330,4,0.0,0.0,,1,3,,,0,1,1,0,90,1,0,1,0
200800057954,8,10,26,1850,5,2,1,1,1,281,"111, RUE DU PRADAS",,,,330,4,0.0,0.0,,2,2,,,2,1,1,0,125,1,0,1,0
200800057955,8,10,28,1605,1,2,2,1,3,63,AVE MAL DE LATTRE TASSIG,,,,330,4,0.0,0.0,,2,2,,,0,1,1,0,100,1,0,1,0
200800057956,8,10,23,1125,1,2,6,1,3,550,CHEM GASTON,,,,330,3,0.0,0.0,,3,2,,,0,1,1,20,104,1,5,1,0
200800057957,8,10,29,755,2,2,1,1,3,63,"17, ALL DE TOURNY",,,,330,4,0.0,0.0,,1,1,,,2,1,1,0,0,1,0,5,0
200800057958,8,10,29,910,1,2,1,2,3,63,"208, RUE CARLE VERNET",,,,330,4,0.0,0.0,,3,2,,,1,1,1,10,62,2,0,1,0
200800057959,8,10,23,1539,1,2,1,1,6,281,ALL PRESIDENT RENE COTY,,,,330,4,0.0,0.0,,3,2,,,2,0,1,0,192,1,0,1,0
200800057960,8,10,23,1220,1,2,1,1,6,69,"73, AVE DE LA LIBERATION",,,,330,4,0.0,0.0,,2,2,,,3,1,1,0,155,1,0,1,0
200800057961,8,10,24,1720,1,2,1,1,1,192,"172, CRS DU GENERAL DE G",,,,330,4,0.0,0.0,,2,2,,,0,2,1,0,78,1,0,1,0
200800057962,8,10,31,210,5,2,1,8,6,63,"191 bis, CRS DE LA SOMME",,,,330,4,0.0,0.0,,2,2,,,0,1,1,0,65,2,0,1,0
200800057963,8,10,31,1250,1,2,2,1,3,63,CRS DE LA MARNE,,,,330,4,0.0,0.0,,1,1,,,0,1,1,0,51,1,5,1,0
200800057964,8,10,30,1100,1,2,2,3,3,63,AVE DES QUARANTE JOURNAU,,,,330,6,0.0,0.0,,2,2,,,0,0,0,0,0,2,0,1,0
200800057965,8,10,31,1815,5,2,2,3,3,63,RUE BOUDET,,,,330,4,0.0,0.0,,1,1,,,0,1,1,0,0,2,0,1,0
200800057966,8,10,28,1030,1,2,1,1,5,39,"104, RTE DE TOULOUSE",,,,330,4,0.0,0.0,,2,2,,,0,1,1,0,95,1,0,1,0
200800057967,8,10,21,1810,2,2,1,2,2,192,"65, CRS DU GENERAL DE GA",,,,330,4,0.0,0.0,,3,1,,,1,2,1,23,38,2,0,1,0
200800057968,8,10,30,810,1,2,6,2,3,318,AVE ROGER COHE,,,,330,4,0.0,0.0,,2,1,,,0,1,2,0,50,2,5,1,0
200800057969,8,10,29,1432,1,2,1,1,6,69,"287, AVE DE LA LIBERATIO",,,,330,4,0.0,0.0,,3,2,,,0,1,1,0,101,2,6,1,0
200800057970,8,10,31,1700,5,2,1,3,7,281,AVE DE LA LIBERATION,,,,330,4,0.0,0.0,,2,2,,,0,1,1,0,70,2,5,1,0
200800057971,8,10,27,1830,5,2,2,2,3,522,CRS DE LA LIBERATION,,,,330,4,0.0,0.0,,2,2,,,0,1,0,0,0,2,0,1,0
200800057972,8,10,31,1715,2,2,2,2,3,550,RUE RAYMOND POINCARE,,,,330,4,0.0,0.0,,2,2,,,0,1,1,0,88,2,0,1,0
200800057973,8,10,31,1300,1,2,1,1,1,39,RUE JEAN MACE,,,,330,4,0.0,0.0,,2,2,,,0,1,2,0,60,1,0,1,0
200800057974,8,10,31,1,5,2,1,3,7,75,"469, RTE DU MEDOC",,,,330,4,0.0,0.0,,2,3,,,1,3,1,0,40,2,0,1,0
200800057975,8,10,30,2200,5,2,1,2,7,69,"403, AVE D'EYSINES",,,,330,4,0.0,0.0,,2,3,,,0,1,1,0,112,2,0,1,0
200800057976,8,10,22,752,1,2,1,2,3,243,"113, FOCH(AVENUE DU MARE",,,,330,9,0.0,0.0,,2,2,,,0,1,1,0,60,2,0,1,99
200800057977,8,10,26,1815,2,2,2,1,3,243,"35, EPINETTE(AVENUE DE L",,,,330,4,0.0,0.0,,2,2,,,0,1,1,0,70,1,5,1,99
200800057978,8,10,28,1335,1,2,6,1,3,243,"61, GAULLE(AVENUE DU GEN",,,,330,3,0.0,0.0,,2,2,,,2,1,1,31,154,1,5,1,99
200800061217,8,10,1,830,2,1,1,1,7,80,AUTOROUTE A 62,,,,330,1,62.0,0.0,,3,4,4.0,100.0,0,1,1,15,140,1,0,1,0
200800061218,8,10,1,1545,1,1,1,1,7,318,AUTOROUTE A 63,,,,330,1,63.0,0.0,,3,4,0.0,500.0,0,1,2,15,140,1,3,1,0
200800061219,8,10,1,2220,5,1,1,1,2,249,ROCADE A 630,,,,330,1,630.0,0.0,,3,6,2.0,900.0,0,2,1,15,190,1,2,1,0
200800061220,8,10,2,1805,1,1,1,2,6,318,ROCADE A 630,,,,330,1,630.0,0.0,,3,6,25.0,0.0,0,1,2,15,210,2,3,1,0
200800061221,8,10,3,850,1,1,1,1,4,39,ROCADE A 631,,,,330,1,631.0,0.0,,1,1,34.0,500.0,0,1,1,0,35,1,3,1,0
200800061222,8,10,8,1725,1,1,1,1,4,281,ROCADE A 630,,,,330,1,630.0,0.0,,1,2,15.0,500.0,0,1,1,80,95,1,3,1,0
200800061223,8,10,8,1705,1,1,1,1,6,63,ROCADE A 630,,,,330,1,630.0,0.0,,3,6,3.0,400.0,0,2,1,15,190,1,2,1,0
200800061224,8,10,12,55,5,1,1,1,3,162,ROCADE A 630,,,,330,1,630.0,0.0,,3,4,11.0,500.0,0,1,1,15,140,1,0,1,0
200800061225,8,10,13,1445,1,1,1,1,2,13,ROUTE NATIONALE 230,,,,330,2,230.0,0.0,,1,2,40.0,0.0,0,2,1,90,70,1,3,1,0
200800061226,8,10,13,1600,1,1,1,1,6,192,ROCADE A 630,,,,330,1,630.0,0.0,,3,6,27.0,500.0,0,1,2,15,210,1,3,1,0
200800061227,8,10,14,1415,1,1,1,1,2,550,ROCADE A 630,,,,330,1,630.0,0.0,,3,4,31.0,100.0,0,0,1,15,140,1,0,1,0
200800061228,8,10,15,1705,1,1,1,1,3,550,ROCADE A 630,,,,330,1,630.0,0.0,,3,6,32.0,400.0,0,1,1,15,210,1,0,1,0
200800061229,8,10,28,1715,1,1,1,1,2,249,ROCADE A 630,,,,330,1,630.0,0.0,,3,6,1.0,500.0,0,1,1,15,210,1,0,1,0
200800061230,8,10,20,730,2,1,1,1,3,281,ROCADE A 630,,,,330,1,630.0,0.0,,3,4,14.0,900.0,0,1,1,15,140,1,0,1,0
200800061231,8,10,20,1130,1,1,1,1,4,550,AUTOROUTE A 62,,,,330,1,62.0,0.0,,3,4,0.0,500.0,0,1,1,15,140,1,0,1,0
200800061232,8,10,20,1538,1,1,1,1,6,162,ROCADE A 630,,,,330,1,630.0,0.0,,3,4,13.0,800.0,0,1,3,15,140,1,3,1,0
200800061233,8,10,21,640,5,1,1,1,5,249,ROUTE NATIONALE 230,,,,330,2,230.0,0.0,,3,8,43.0,800.0,0,1,1,15,280,1,0,1,0
200800061234,8,10,21,1520,1,1,1,2,2,80,AUTOROUTE A 62,,,,330,1,62.0,0.0,,3,4,2.0,500.0,0,1,1,15,140,2,0,1,0
200800061235,8,10,21,1640,1,1,1,2,5,318,ROCADE A 630,,,,330,1,630.0,0.0,,3,4,22.0,0.0,0,1,1,15,140,1,0,1,0
200800061236,8,10,21,2140,5,1,1,2,2,96,AUTOROUTE A 10,,,,330,1,10.0,0.0,,3,6,541.0,0.0,0,1,1,15,210,2,0,1,0
200800061237,8,10,24,1500,1,1,1,1,3,162,ROCADE A 630,,,,330,1,630.0,0.0,,3,4,13.0,460.0,0,1,1,15,140,1,0,1,0
200800061238,8,10,27,1120,1,1,1,2,6,318,AUTOROUTE A 63,,,,330,1,63.0,0.0,,3,4,0.0,200.0,0,2,2,15,140,2,3,1,0
200800061239,8,10,27,1700,1,1,1,1,7,318,ROCADE A 630,,,,330,1,630.0,0.0,,3,4,24.0,100.0,0,1,1,15,140,2,0,1,0
200800061240,8,10,29,910,1,1,1,2,6,318,AUTOROUTE A 63,,,,330,1,63.0,0.0,,1,2,0.0,400.0,0,2,2,0,70,2,3,1,0
200800061241,8,10,30,745,5,1,1,2,7,318,ROCADE A 630,,,,330,1,630.0,0.0,,3,4,24.0,300.0,0,1,1,15,140,2,0,1,0
200800061242,8,10,30,840,1,1,1,2,6,39,ROCADE A 630,,,,330,1,630.0,0.0,,1,2,34.0,0.0,0,1,2,0,70,2,3,1,0
200800061243,8,10,30,820,5,1,1,2,6,318,ROCADE A 630,,,,330,1,630.0,0.0,,3,4,25.0,0.0,0,1,2,15,140,2,3,1,0
200800061244,8,10,30,1140,1,1,1,2,6,249,ROUTE NATIONALE 230,,,,330,2,230.0,0.0,,3,4,44.0,0.0,0,1,3,15,140,2,3,1,0
200800061245,8,10,30,2145,5,1,1,2,2,192,ROCADE A 630,,,,330,1,630.0,0.0,,3,8,27.0,650.0,0,1,1,15,280,2,0,1,0
200800061246,8,10,31,800,2,1,1,2,6,318,AUTOROUTE A 63,,,,330,1,63.0,0.0,,3,4,0.0,500.0,0,1,2,15,140,2,3,1,0
200800061247,8,10,31,800,1,1,1,2,6,39,ROCADE A 631,,,,330,1,631.0,0.0,,3,6,34.0,0.0,0,1,4,15,210,2,3,1,0
200800061248,8,10,31,2320,5,1,1,2,3,397,AUTOROUTE A 10,,,,330,1,10.0,0.0,,3,6,540.0,50.0,0,1,1,15,210,2,3,1,0
200800062793,8,11,28,700,2,2,1,8,6,483,Rue de GALAN,M,44.91,-0.38,330,3,13.0,0.0,,2,0,0.0,0.0,0,1,1,0,45,2,0,1,99
200800063140,8,11,14,1915,3,1,1,1,1,284,,M,0.0,0.0,330,3,5.0,0.0,,2,2,57.0,300.0,0,1,1,0,60,1,0,1,0
200800063141,8,11,15,1715,1,2,1,1,4,56,avenue salle de Breillan,M,0.0,0.0,330,4,0.0,0.0,,2,0,0.0,0.0,0,1,1,0,0,1,5,1,0
200800063142,8,11,25,1845,5,2,1,1,6,162,avenue de l'hippodrome,M,0.0,0.0,330,4,0.0,0.0,,4,0,0.0,0.0,2,1,1,0,118,1,5,1,0
200800063143,8,11,2,1645,1,1,1,2,1,449,,M,0.0,0.0,330,3,6.0,0.0,,2,2,14.0,0.0,0,1,1,0,70,2,0,1,99
200800063144,8,11,10,345,5,2,1,2,6,449,43 rue Gabriel Garbay,M,0.0,0.0,330,4,0.0,0.0,,2,0,0.0,0.0,0,1,1,0,0,2,0,1,99
200800063145,8,11,9,530,3,1,1,8,1,58,,M,45.132,-0.623,330,3,937.0,0.0,,2,0,0.0,0.0,0,4,1,0,62,2,0,1,0
200800063146,8,11,12,2230,5,1,1,1,6,100,,M,45.133,-0.634,330,3,937.0,0.0,,2,2,3.0,480.0,0,1,1,0,74,1,4,1,0
200800063147,8,11,14,1845,5,2,1,2,6,58,Cours du General De Gaul,M,45.128,-0.662,330,3,669.0,0.0,,2,0,0.0,0.0,0,1,1,0,0,2,0,1,99
200800063148,8,11,3,845,1,1,1,2,5,73,,M,45.248,-0.579,330,3,136.0,0.0,,2,2,5.0,800.0,0,1,2,0,68,2,0,1,0
200800063149,8,11,18,745,2,2,1,1,6,13,avenue Eglise Romane,M,44.865,-0.489,330,3,241.0,0.0,,2,2,0.0,350.0,0,1,1,0,0,2,0,1,0
200800063150,8,11,17,1400,1,1,1,1,6,330,,M,0.0,0.0,330,3,241.0,0.0,,2,2,0.0,0.0,0,3,2,0,0,1,0,1,0
200800063151,8,11,21,1745,2,1,1,2,2,61,,M,0.0,0.0,330,3,936.0,0.0,,2,0,0.0,0.0,0,1,1,0,75,2,0,1,0
200800063152,8,11,3,1945,3,1,1,1,1,205,,M,44.615,-0.359,330,3,117.0,2.0,E,2,0,2.0,700.0,0,1,3,0,57,2,0,1,0
200800063153,8,11,6,1600,1,2,8,1,7,327,D117 E1,M,44.65,-0.36,330,3,117.0,0.0,,2,0,0.0,0.0,0,3,1,0,61,1,4,1,0
200800063154,8,11,29,1600,1,2,1,8,6,321,av. du clos vallon,M,45.049,-0.426,330,9,0.0,0.0,,2,2,0.0,0.0,0,1,3,0,50,2,0,4,99
200800063155,8,11,23,615,3,1,1,1,6,357,,M,44.507,-0.273,330,3,222.0,0.0,,2,2,0.0,0.0,0,1,1,0,0,1,0,1,99
200800063156,8,11,11,1830,3,1,1,2,5,95,,M,44.224,-0.265,330,3,932.0,0.0,,2,2,41.0,950.0,0,1,1,0,72,2,0,1,0
200800063157,8,11,14,1745,2,1,1,2,7,2,,M,44.45,-0.07,330,3,9.0,0.0,,2,2,31.0,310.0,0,1,1,0,62,2,0,1,0
200800063158,8,11,14,1845,3,1,1,2,6,276,,M,44.415,-0.07,330,4,0.0,0.0,,0,0,0.0,400.0,0,1,2,0,50,2,0,3,0
200800063159,8,11,16,1745,5,2,1,1,6,36,Avenue GENERAL LECLERC,M,44.446,-0.232,330,3,3.0,0.0,,0,2,0.0,0.0,0,1,1,24,64,2,5,1,0
200800063160,8,11,11,1715,1,1,1,1,1,275,,M,44.714,-0.188,330,3,671.0,0.0,,2,2,24.0,750.0,0,2,3,0,0,0,0,1,0
200800063161,8,11,10,2245,5,2,1,1,1,240,cours Edouard BRANLY,M,45.308,-0.922,330,3,204.0,0.0,,0,2,0.0,0.0,0,1,1,0,0,1,0,1,0
200800063162,8,11,15,1500,1,1,1,1,1,494,,M,0.0,0.0,330,3,1215.0,0.0,,2,2,0.0,0.0,0,1,1,0,62,1,0,1,99
200800063163,8,11,8,2130,3,1,1,3,7,395,,M,45.25,-0.75,330,3,2.0,0.0,E,2,0,0.0,0.0,0,1,1,0,0,2,0,3,0
200800063164,8,11,25,745,2,1,1,1,3,314,,M,45.226,-0.768,330,3,2.0,0.0,,2,2,41.0,300.0,0,0,1,0,63,1,0,1,0
200800063165,8,11,24,1815,5,2,1,2,1,514,boulevard marsan montbru,M,45.509,-1.121,330,4,0.0,0.0,,2,2,0.0,0.0,0,1,1,18,123,2,0,1,0
200800063166,8,11,6,1945,3,1,1,2,1,15,,M,44.874,-0.308,330,3,20.0,0.0,,2,0,0.0,0.0,0,1,1,0,59,2,0,0,99
200800063167,8,11,15,2230,3,1,1,1,7,198,,M,0.0,0.0,330,3,10.0,0.0,,2,0,21.0,100.0,0,1,1,0,75,1,0,0,0
200800063168,8,11,1,745,2,1,2,2,3,160,,M,44.807,0.185,330,3,18.0,0.0,,2,2,98.0,100.0,0,4,4,0,55,2,0,1,0
200800063169,8,11,4,1615,1,2,1,1,3,402,RUE VICTOR HUGO,M,44.844,0.218,330,4,0.0,0.0,,1,0,0.0,0.0,0,1,1,0,35,1,0,1,99
200800063170,8,11,8,1130,1,1,1,1,6,470,,M,0.0,0.0,330,3,737.0,0.0,,2,0,34.0,700.0,0,0,3,0,58,1,0,1,0
200800063555,8,11,18,815,2,1,1,8,3,528,,M,0.0,0.0,330,3,107.0,0.0,,2,0,22.0,900.0,0,1,2,0,57,2,0,1,0
200800063556,8,11,30,1400,1,1,1,4,7,214,,M,44.854,-0.971,330,3,5.0,0.0,,2,2,35.0,800.0,0,0,1,0,70,7,0,3,0
200800063561,8,11,19,745,2,2,1,1,7,234,LIEU DIT LA Seleyre,M,44.808,-0.503,330,3,10.0,0.0,,2,2,80.0,350.0,0,1,1,0,110,1,6,1,99
200800063562,8,11,20,1715,2,1,1,1,3,118,,M,44.782,-0.454,330,3,240.0,0.0,,2,2,3.0,250.0,0,1,1,0,56,1,0,1,0
200800063582,8,11,21,700,3,1,1,8,3,229,,M,44.766,-0.92,330,3,5.0,0.0,,2,0,47.0,15.0,0,1,1,0,74,2,0,1,99
200800063628,8,11,30,2145,3,1,1,2,5,552,,M,0.0,0.0,330,1,62.0,0.0,,3,0,20.0,500.0,3,1,1,0,0,2,0,1,99
200800063648,8,11,21,1900,3,1,1,2,5,122,,M,44.728,-0.795,330,3,1250.0,0.0,,2,2,22.0,600.0,0,1,1,0,0,2,0,1,0
200800064318,8,11,26,1650,1,2,2,1,3,522,CRS DE LA LIBERATION,,,,330,4,0.0,0.0,,2,2,,,0,1,1,0,167,1,0,1,0
200800064319,8,11,28,1726,1,2,3,1,3,75,"00, RUE ELSA TRIOLET",,,,330,4,0.0,0.0,,2,2,,,0,1,1,0,57,1,0,1,0
200800064320,8,11,29,1720,2,2,3,2,3,192,"201, CRS DU GENERAL DE G",,,,330,4,0.0,0.0,,0,1,,,0,0,0,0,0,0,0,1,0
200800064321,8,11,28,1120,1,2,1,1,6,318,AVE DE VILLEMEJAN,,,,330,4,0.0,0.0,,2,2,,,0,1,1,0,53,1,0,1,0
200800064322,8,11,5,1845,5,2,1,2,6,243,"185, FOCH(AVENUE DU MARE",,,,330,4,0.0,0.0,,1,2,,,0,1,1,0,100,2,0,1,99
200800066276,8,11,11,1850,5,2,1,1,3,9,"148, LAMARQUE PLAISANCE",,,,330,4,0.0,0.0,,2,2,,,0,1,1,0,60,1,0,1,99
200800066277,8,11,23,1840,2,2,2,2,3,9,BOURDIER (RUE AIME),,,,330,4,0.0,0.0,,2,2,,,0,1,1,0,70,2,0,1,99
200800066278,8,11,24,740,2,1,1,3,2,529,OUSTALET (CARREFOUR DE L,,,,330,3,0.0,0.0,,2,2,44.0,340.0,0,1,1,0,74,2,0,1,99
200800066279,8,11,1,1910,5,2,1,1,3,63,"05, RUE ESPRIT-DES-LOIS",,,,330,4,0.0,0.0,,2,2,,,2,1,1,0,80,1,0,1,0
200800066280,8,11,2,535,5,2,1,1,6,63,"36, BD PIERRE 1ER",,,,330,4,0.0,0.0,,2,2,,,2,1,1,0,0,0,0,4,0
200800066281,8,11,3,949,1,2,2,2,3,63,CRS DU MARECHAL FOCH,,,,330,4,0.0,0.0,,1,2,,,0,1,1,0,113,2,4,1,0
200800066282,8,11,3,1950,5,2,3,2,1,318,AVE MAL DE LATTRE DE TAS,,,,330,2,0.0,0.0,,2,2,,,0,1,1,0,88,1,0,1,0
200800066283,8,11,5,1155,1,2,3,2,3,63,RUE DE PESSAC,,,,330,4,0.0,0.0,,1,1,,,0,1,1,0,70,2,0,1,0
200800066284,8,11,6,1350,1,2,2,1,3,63,CRS MARECHAL JUIN,,,,330,4,0.0,0.0,,1,1,,,0,1,1,0,0,1,0,1,0