Num_Acc,an,mois,jour,hrmn,lum,agg,int,atm,col,com,adr,gps,lat,long,dep,catr,voie,v1,v2,circ,nbv,pr,pr1,vosp,prof,plan,lartpc,larrout,surf,infra,situ,env1
200800068895,8,12,12,1915,3,1,1,1,6,506,,M,44.715,-0.054,330,3,672.0,0.0,,2,2,31.0,700.0,0,4,1,0,63,1,0,1,99
200800068896,8,12,18,1830,3,1,1,1,5,482,,M,0.0,0.0,330,3,670.0,0.0,,2,2,38.0,200.0,0,1,2,0,69,1,0,1,0
200800068897,8,12,20,145,3,1,1,5,1,399,,M,0.0,0.0,330,3,672.0,0.0,,2,2,41.0,300.0,0,1,1,0,71,2,0,1,0
200800068898,8,12,15,845,2,1,1,5,6,146,,M,45.105,-0.726,330,3,2.0,0.0,,2,2,0.0,0.0,0,2,2,40,0,1,0,3,0
200800068899,8,12,19,900,1,1,1,8,5,91,,M,45.036,-0.659,330,3,2.0,0.0,,0,2,66.0,900.0,0,1,3,0,62,2,0,1,0
200800068900,8,12,7,2130,4,1,1,1,2,15,,M,0.0,0.0,330,3,2089.0,0.0,,2,2,0.0,0.0,2,1,1,31,70,1,2,1,0
200800068901,8,12,30,1515,1,1,1,1,6,539,,M,0.0,0.0,330,3,242.0,0.0,,2,2,16.0,100.0,0,0,4,0,60,1,0,0,99
200800068902,8,12,3,1530,1,1,1,1,1,185,,M,44.855,-0.254,330,3,121.0,0.0,,2,2,0.0,0.0,0,2,3,60,0,1,0,1,0
200800068903,8,12,6,1900,1,2,1,1,6,138,Rue SULLY,M,0.0,0.0,330,4,0.0,0.0,,2,0,0.0,0.0,0,1,1,0,70,1,0,1,99
200800068904,8,12,4,730,3,1,1,3,1,133,,M,44.794,0.044,330,4,0.0,0.0,,2,2,0.0,0.0,0,1,1,0,40,2,0,1,0
200800068905,8,12,10,1500,1,2,1,1,1,447,,M,45.019,-0.053,330,3,1089.0,0.0,,2,2,6.0,990.0,0,1,1,0,106,1,0,1,0
200800068906,8,12,12,1715,2,2,1,1,7,447,LIEU DIT LA CROIX,M,0.0,0.0,330,3,1089.0,0.0,,0,0,8.0,550.0,0,1,1,0,75,1,0,0,0
200800069754,8,12,27,1645,1,1,1,1,1,199,,M,44.61,-1.103,330,3,652.0,0.0,,2,2,3.0,850.0,0,1,1,0,64,1,0,1,0
200800069817,8,12,23,1530,1,1,1,1,7,227,,M,0.0,0.0,330,1,62.0,0.0,,3,2,34.0,400.0,0,1,1,0,0,1,0,1,0
200800069831,8,12,11,1915,3,1,1,1,4,199,,M,0.0,0.0,330,2,250.0,0.0,,2,2,39.0,700.0,3,1,1,0,90,1,0,1,0
200800069832,8,12,16,1615,1,1,1,8,2,284,,M,0.0,0.0,330,1,63.0,0.0,,3,2,19.0,300.0,0,1,1,0,100,0,0,1,0
200800069843,8,12,30,2030,3,1,1,5,2,122,,M,0.0,0.0,330,3,1250.0,0.0,,2,2,23.0,950.0,0,1,1,0,74,0,0,1,0
200800069848,8,12,25,1300,1,1,1,1,7,351,,M,0.0,0.0,330,1,10.0,0.0,A,3,2,500.0,400.0,0,1,1,30,70,1,0,3,0
200800069909,8,12,15,2015,3,1,9,1,3,15,,M,0.0,0.0,330,1,89.0,0.0,A,1,2,20.0,500.0,0,1,1,30,70,1,3,1,99
200800070136,8,12,29,1313,1,2,3,1,3,281,AVE DU DOCTEUR ROGER DAI,,,,330,4,0.0,0.0,,2,2,,,2,1,1,0,67,1,0,1,0
200800071043,8,12,21,225,5,2,1,1,6,529,"13, CUREPIPE (BD DE) DU",,,,330,4,0.0,0.0,,2,2,,,0,1,1,0,62,1,0,1,99
200800071044,8,12,10,1421,1,1,2,1,3,529,"., RD 1250 (Camicas - So",,,,330,3,0.0,0.0,,2,2,,,0,1,1,0,70,1,0,1,99
200800071045,8,12,14,1610,1,2,3,1,3,529,"., BISSERIE (AVE DE)",,,,330,4,0.0,0.0,,2,2,,,0,1,1,0,60,2,0,1,3
200800071046,8,12,21,2045,5,1,1,1,6,529,"., RD 1250 (Camicas - So",,,,330,3,0.0,0.0,,2,2,,,0,1,1,0,70,1,0,1,99
200800071047,8,12,31,1650,1,2,1,1,6,63,"47, CRS GEORGES CLEMENCE",,,,330,4,0.0,0.0,,3,4,,,0,1,1,0,120,1,0,1,0
200800071048,8,12,30,1900,5,2,1,1,6,63,"184, RUE D'ORNANO",,,,330,4,0.0,0.0,,2,2,,,2,1,1,0,0,9,4,1,0
200800071049,8,12,23,1930,5,2,1,1,3,63,"106, BD DU PDT FRANKLIN",,,,330,4,0.0,0.0,,1,2,,,0,1,1,0,87,1,0,1,0
200800071050,8,12,28,1757,5,2,1,1,6,522,"60, RUE BOURGES",,,,330,4,0.0,0.0,,3,2,,,0,1,1,0,0,1,0,1,0
200800071051,8,12,22,1800,1,2,2,1,1,39,"00, RUE ALEXIS LABRO",,,,330,4,0.0,0.0,,2,2,,,0,1,1,0,0,1,0,1,0
200800071052,8,12,27,720,5,2,1,1,2,281,"369, AVE DE VERDUN",,,,330,4,0.0,0.0,,2,3,,,0,1,1,0,80,1,0,1,0
200800071053,8,12,30,1740,5,2,2,1,6,318,AVE DE LA FORGE,,,,330,4,0.0,0.0,,2,2,,,0,1,1,0,104,1,0,1,0
200800071054,8,12,30,1915,3,2,6,1,6,522,CRS MARECHAL GALLIENI,,,,330,4,0.0,0.0,,2,2,,,0,2,1,0,96,1,5,1,0
200800071055,8,12,31,1430,1,2,1,1,3,75,AVE DE CHAVAILLES,,,,330,4,0.0,0.0,,2,2,,,0,1,1,0,0,1,0,1,0
200800071056,8,12,1,1255,1,2,1,1,6,63,RUE ULYSSE GAYON,,,,330,4,0.0,0.0,,1,1,,,0,1,1,0,0,1,0,1,0
200800071057,8,12,1,1130,1,2,1,8,4,63,"44, CRS ARISTIDE BRIAND",,,,330,4,0.0,0.0,,3,4,,,3,1,1,0,0,2,0,1,0
200800071058,8,12,2,2107,5,2,3,2,3,63,CRS DE VERDUN,,,,330,4,0.0,0.0,,1,1,,,0,1,1,0,0,2,0,1,0
200800071059,8,12,2,1625,1,2,3,1,3,63,RUE D'ARMAGNAC,,,,330,4,0.0,0.0,,1,1,,,0,3,0,0,0,1,0,1,0
200800071060,8,12,2,510,5,2,1,1,2,63,"111, BD JEAN-JACQUES BOS",,,,330,4,0.0,0.0,,1,1,,,0,1,1,0,49,1,0,1,0
200800071061,8,12,3,835,1,2,1,3,6,63,"166, RUE DE SAINT GENES",,,,330,4,0.0,0.0,,1,2,,,2,1,1,0,36,2,0,1,0
200800071062,8,12,2,1215,1,2,1,1,6,119,"1, RUE BEAUMARCHAIS",,,,330,4,0.0,0.0,,2,2,,,0,1,1,0,70,1,0,1,0
200800071063,8,12,2,800,5,2,1,1,3,281,"30, AVE HENRI BARBUSSE",,,,330,4,0.0,0.0,,2,2,,,2,1,1,0,90,1,0,1,0
200800071064,8,12,2,1220,1,2,1,1,3,318,AVE ANTOINE BECQUEREL,,,,330,4,0.0,0.0,,3,3,,,0,1,1,15,82,1,0,1,0
200800071065,8,12,5,1800,2,2,1,2,5,75,BD DU PARC DES EXPOSITIO,,,,330,4,0.0,0.0,,2,2,,,0,1,3,0,0,2,0,1,0
200800071066,8,12,1,1935,5,2,1,1,3,550,"522, RTE DE TOULOUSE",,,,330,4,0.0,0.0,,3,4,,,0,1,1,0,130,1,0,1,0
200800071067,8,12,6,2150,5,2,1,1,6,63,AVE MARCEL DASSAULT,,,,330,4,0.0,0.0,,2,2,,,0,1,1,0,92,1,0,1,0
200800071068,8,12,6,1918,5,2,3,1,1,63,QUAI LOUIS XVIII,,,,330,4,0.0,0.0,,1,1,,,0,1,1,0,220,1,0,1,0
200800071069,8,12,7,545,5,2,1,1,3,63,QUAI LOUIS XVIII,,,,330,4,0.0,0.0,,3,4,,,0,1,1,0,0,1,0,1,0
200800071070,8,12,3,1650,1,2,1,2,4,63,"301, BD JEAN-JACQUES BOS",,,,330,4,0.0,0.0,,3,2,,,2,1,1,10,126,2,0,1,0
200800071071,8,12,6,1940,5,2,1,1,3,63,"24, QUAI DES CHARTRONS",,,,330,4,0.0,0.0,,3,5,,,3,1,1,0,0,1,4,1,0
200800071072,8,12,6,1540,1,2,6,1,2,63,RUE DES ORANGERS CAUD,,,,330,4,0.0,0.0,,3,2,,,0,1,1,17,80,1,0,1,0
200800071073,8,12,2,1350,1,2,6,1,3,69,AVE GEORGES CLEMENCEAU,,,,330,4,0.0,0.0,,3,2,,,0,1,1,10,184,1,5,1,0
200800071074,8,12,8,800,1,2,3,1,3,63,RUE DE LA BENAUGE,,,,330,4,0.0,0.0,,2,2,,,0,1,1,0,60,1,0,1,0
200800071075,8,12,8,1230,1,2,1,1,3,63,"79, RUE DE BEGLES",,,,330,4,0.0,0.0,,2,2,,,0,1,1,0,60,1,0,1,0
200800071076,8,12,8,1620,1,2,1,1,6,63,RUE ROBERT SCHUMAN,,,,330,4,0.0,0.0,,2,2,,,0,1,1,0,0,1,0,1,0
200800071077,8,12,3,1845,5,2,3,1,3,75,RUE DU TAPIS VERT,,,,330,4,0.0,0.0,,2,2,,,0,1,1,0,120,1,0,1,0
200800071078,8,12,9,920,1,2,2,1,3,63,BD PIERRE 1ER,,,,330,4,0.0,0.0,,2,2,,,0,1,1,0,64,1,0,1,0
200800071079,8,12,6,1107,1,2,1,1,3,281,"49, AVE DE BOURRANVILLE",,,,330,4,0.0,0.0,,2,2,,,0,1,1,0,58,2,0,1,0
200800071080,8,12,6,1830,5,2,3,2,3,63,QUAI DESCHAMPS,,,,330,4,0.0,0.0,,3,4,,,0,1,1,0,0,2,3,1,0
200800071081,8,12,3,1800,5,2,1,1,3,281,AVE MAL DE LATTRE DE TAS,,,,330,4,0.0,0.0,,2,2,,,2,1,1,0,60,1,0,1,0
200800071082,8,12,14,1420,1,2,1,1,6,119,AVE DU PDT VINCENT AURIO,,,,330,4,0.0,0.0,,3,2,,,0,1,1,0,0,1,0,1,0
200800071083,8,12,9,800,2,2,1,1,5,63,"38, AVE DE VERDUN CAUD",,,,330,4,0.0,0.0,,2,2,,,0,1,1,0,0,1,0,1,0
200800071084,8,12,4,1935,5,2,1,2,6,167,VOIE PENETRANTE EST,,,,330,4,0.0,0.0,,3,4,,,0,2,0,0,75,2,3,1,0
200800071085,8,12,5,945,1,2,1,1,2,249,AVE DE LA LIBERATION,,,,330,4,0.0,0.0,,1,1,,,0,1,1,0,60,2,4,1,0
200800071086,8,12,9,1645,1,2,1,1,3,63,RUE DE LA LIBERTE CAUD,,,,330,4,0.0,0.0,,1,1,,,1,1,1,0,0,1,0,1,0
200800071087,8,12,6,550,5,2,1,2,6,63,"36, RUE PASTEUR CAUD",,,,330,4,0.0,0.0,,3,2,,,1,1,1,0,0,2,4,1,0
200800071088,8,12,9,2015,4,2,3,1,3,63,QUAI DES CHARTRONS,,,,330,4,0.0,0.0,,2,2,,,0,1,1,0,140,1,0,1,0
200800071089,8,12,9,1740,5,2,1,1,6,249,VOIE D'ACCES CENTRE COMM,,,,330,4,0.0,0.0,,1,1,,,0,1,1,0,50,1,0,1,0
200800071090,8,12,6,1245,1,2,1,1,6,281,"57, AVE EUGENE DELACROIX",,,,330,4,0.0,0.0,,2,2,,,0,1,1,0,0,2,0,4,0
200800071091,8,12,8,1640,1,2,1,1,6,318,AVE DE LA CHATAIGNERAIE,,,,330,4,0.0,0.0,,3,2,,,0,1,4,5,80,1,0,1,3
200800071092,8,12,5,1200,1,2,2,1,2,281,AVE PIERRE MENDES FRANCE,,,,330,4,0.0,0.0,,2,5,,,0,1,1,0,160,1,5,1,0
200800071093,8,12,5,1910,5,2,2,1,3,522,AVE ROUL,,,,330,4,0.0,0.0,,3,2,,,3,1,1,0,67,2,4,1,0
200800071094,8,12,7,1845,5,2,4,9,6,522,"09, RUE DE SUZON",,,,330,4,0.0,0.0,,2,1,,,0,1,1,0,70,1,0,1,0
200800071095,8,12,9,1830,5,2,3,1,3,281,RUE EMILE-ANTOINE BOURDE,,,,330,4,0.0,0.0,,2,3,,,0,1,1,0,80,2,0,1,0
200800071096,8,12,11,730,2,2,3,1,2,63,"75, RTE DE TOULOUSE",,,,330,4,0.0,0.0,,2,2,,,0,1,1,0,75,1,0,1,0
200800071097,8,12,11,2020,5,2,1,1,2,281,"11, AVE DE LA FORET",,,,330,4,0.0,0.0,,1,1,,,1,1,1,0,60,1,0,1,0
200800071098,8,12,14,230,5,2,2,1,3,63,RUE CHARLES MARIONNEAU,,,,330,4,0.0,0.0,,0,1,,,2,0,1,0,53,0,0,1,0
200800071099,8,12,10,745,2,2,1,1,3,318,AVE DE LA CHATAIGNERAIE,,,,330,4,0.0,0.0,,2,2,,,0,1,1,0,99,2,0,1,0
200800071100,8,12,12,805,1,2,1,2,6,63,"Face 22, QUAI DE BACALAN",,,,330,4,0.0,0.0,,2,3,,,0,1,1,0,69,2,0,1,0
200800071101,8,12,12,2050,5,2,1,1,6,63,"292, RUE PASTEUR CAUD",,,,330,4,0.0,0.0,,2,2,,,2,1,2,0,115,1,0,1,0
200800071102,8,12,13,140,5,2,1,1,6,281,"83, AVE DE VERDUN",,,,330,4,0.0,0.0,,2,2,,,0,1,0,0,70,1,2,1,0
200800071103,8,12,14,2127,5,2,1,1,3,63,"243, BD DU PRESIDENT WIL",,,,330,4,0.0,0.0,,1,2,,,1,1,1,0,0,1,0,1,0
200800071104,8,12,9,2115,5,2,1,1,6,522,"04, RUE MARIVAUX",,,,330,4,0.0,0.0,,0,1,,,0,1,1,0,0,1,0,4,0
200800071105,8,12,12,735,2,2,3,1,6,63,"127, RUE LABOTTIERE",,,,330,4,0.0,0.0,,1,2,,,3,2,1,0,0,1,0,1,0
200800071106,8,12,10,1730,2,2,2,1,5,281,AVE ARISTIDE BRIAND,,,,330,4,0.0,0.0,,2,2,,,2,1,1,0,104,1,5,1,0
200800071107,8,12,10,1845,5,2,1,1,1,550,"145, RTE DE LEOGNAN",,,,330,4,0.0,0.0,,2,2,,,0,0,1,0,67,1,0,1,0
200800071108,8,12,10,1225,1,2,1,1,2,281,AVE FRANCOIS MITTERRAND,,,,330,4,0.0,0.0,,2,2,,,0,1,1,0,65,1,0,1,0
200800071109,8,12,14,1055,1,2,2,1,3,63,RUE TANESSE,,,,330,4,0.0,0.0,,2,4,,,0,1,1,0,0,1,0,1,0
200800071110,8,12,5,2110,5,2,2,1,1,281,AVE DE LA MARNE,,,,330,4,0.0,0.0,,2,2,,,0,1,1,0,0,2,0,1,0
200800071111,8,12,15,1615,1,2,2,1,3,63,RUE ABBE DE L'EPEE,,,,330,4,0.0,0.0,,1,1,,,0,1,1,0,36,1,0,1,0
200800071112,8,12,15,915,1,2,1,1,2,63,"10, QUAI SAINTE- CROIX",,,,330,4,0.0,0.0,,1,3,,,0,1,1,40,109,1,0,1,0
200800071113,8,12,14,1225,1,2,3,1,3,63,RUE FERRERE,,,,330,4,0.0,0.0,,3,8,,,0,1,1,0,0,1,4,1,0
200800071114,8,12,13,950,1,2,2,2,3,119,BD ANDRE RICARD,,,,330,4,0.0,0.0,,2,2,,,0,1,1,6,164,2,0,1,0
200800071115,8,12,13,420,5,2,2,2,6,281,RUE JOSEPH CUGNOT,,,,330,4,0.0,0.0,,2,2,,,0,1,1,0,70,1,0,1,0
200800071116,8,12,12,845,1,2,2,1,3,63,RUE MILLIERE,,,,330,4,0.0,0.0,,1,1,,,0,1,1,0,0,1,0,1,0
200800071117,8,12,16,1810,5,2,7,1,3,63,RUE DE LA BECHADE,,,,330,4,0.0,0.0,,3,4,,,0,1,2,0,0,1,0,1,0
200800071118,8,12,16,2025,5,2,3,1,3,63,RUE CAMILLE GODARD,,,,330,4,0.0,0.0,,1,2,,,0,1,1,0,0,1,0,1,0
200800071119,8,12,16,810,1,2,7,1,6,63,"face au 15, PCE DE STALI",,,,330,4,0.0,0.0,,1,1,,,0,1,1,0,0,1,5,1,0
200800071120,8,12,18,1145,1,2,1,1,2,318,"23, BD SAINT MARTIN",,,,330,4,0.0,0.0,,2,2,,,0,1,1,0,60,1,0,1,0
200800071121,8,12,12,1530,1,2,1,1,3,281,RUE JACQUES ANQUETIL,,,,330,4,0.0,0.0,,2,2,,,0,1,1,0,60,1,0,1,0
200800071122,8,12,11,1950,5,2,2,1,3,69,AVE DE TIVOLI,,,,330,4,0.0,0.0,,2,2,,,0,1,1,0,93,1,0,1,0
200800071123,8,12,12,2041,5,2,1,1,2,63,BD PIERRE 1ER,,,,330,4,0.0,0.0,,2,4,,,0,1,1,20,137,1,0,1,0
200800071124,8,12,17,1300,1,2,2,2,3,63,RUE VERGNIAUD,,,,330,4,0.0,0.0,,1,1,,,0,1,1,0,0,2,0,1,0
200800071125,8,12,11,1420,1,2,3,2,6,522,RUE VICTOR HUGO,,,,330,4,0.0,0.0,,3,4,,,2,1,1,0,85,2,0,1,0
200800071126,8,12,17,1015,1,2,6,1,2,63,QUAI DE BRIENNE,,,,330,4,0.0,0.0,,2,2,,,0,1,1,0,120,1,0,1,0
200800071127,8,12,18,100,5,2,1,1,6,63,"23, QUAI RICHELIEU",,,,330,4,0.0,0.0,,2,4,,,0,1,1,0,0,1,0,1,0
200800071128,8,12,13,1645,2,2,1,3,6,69,"10-12, RTE DU MEDOC",,,,330,4,0.0,0.0,,4,2,,,0,1,0,0,0,2,0,1,0
200800071129,8,12,12,1640,1,2,2,1,3,550,RUE DUBOS,,,,330,4,0.0,0.0,,2,2,,,0,1,1,0,105,1,0,1,0
200800071130,8,12,17,720,5,2,1,1,7,167,QUAI DE LA SOUYS,,,,330,4,0.0,0.0,,2,2,,,0,1,1,0,140,1,0,1,0
200800071131,8,12,15,1340,1,2,3,1,5,522,RUE JEAN RACINE,,,,330,4,0.0,0.0,,2,2,,,0,1,1,0,0,1,0,1,0
200800071132,8,12,17,140,5,2,1,1,6,318,"245, AVE PASTEUR",,,,330,4,0.0,0.0,,2,2,,,2,1,1,0,60,1,0,1,0
200800071133,8,12,19,505,5,2,3,2,3,63,RUE GINER DE LOS RIOS,,,,330,4,0.0,0.0,,2,2,,,0,1,1,0,0,2,0,1,3
200800071134,8,12,18,1705,1,2,1,1,6,63,"11, CRS VICTOR HUGO",,,,330,4,0.0,0.0,,2,2,,,3,1,1,0,0,1,0,1,0
200800071135,8,12,18,1800,5,2,2,1,3,281,RUE JULES MICHELET,,,,330,4,0.0,0.0,,2,2,,,0,1,1,0,60,1,0,1,0
200800071136,8,12,19,1700,1,2,1,1,6,63,"203, BD DU PRESIDENT WIL",,,,330,4,0.0,0.0,,3,4,,,2,1,1,0,0,1,0,1,0
200800071137,8,12,19,2230,5,2,2,1,3,63,RUE DE CURSOL,,,,330,4,0.0,0.0,,1,2,,,0,1,1,0,63,1,0,1,0
200800071138,8,12,22,1935,5,2,1,1,6,63,"62, CRS VICTOR HUGO",,,,330,4,0.0,0.0,,3,4,,,3,1,1,0,0,1,0,1,0
200800071139,8,12,22,1917,5,2,2,1,3,63,RUE BLANQUI,,,,330,4,0.0,0.0,,1,1,,,0,1,1,0,55,1,0,1,0
200800071140,8,12,21,1830,2,2,1,1,3,63,"40, QUAI DES CHARTRONS",,,,330,4,0.0,0.0,,3,2,,,0,1,1,0,0,1,0,1,0
200800071141,8,12,23,1135,1,2,2,1,3,63,RUE DE L'EGLISE SAINT AU,,,,330,4,0.0,0.0,,1,1,,,0,0,0,0,0,1,0,1,0
200800071142,8,12,18,750,2,2,1,5,3,69,"90/94, AVE LEON BLUM",,,,330,4,0.0,0.0,,2,2,,,0,1,1,0,0,2,0,1,0
200800071143,8,12,25,1525,1,2,2,1,3,63,AVE THIERS,,,,330,4,0.0,0.0,,1,1,,,0,1,1,0,0,1,0,1,0
200800071144,8,12,20,2000,5,2,1,1,2,318,AVE DE MADRAN,,,,330,4,0.0,0.0,,3,2,,,0,1,1,20,60,1,0,1,0
200800071145,8,12,23,1455,1,2,2,1,3,63,RUE PERINOT CAUD,,,,330,4,0.0,0.0,,2,2,,,0,1,1,0,60,1,0,1,0
200800071146,8,12,22,940,1,2,1,1,3,75,AVE CHARLES DE GAULLE,,,,330,4,0.0,0.0,,2,2,,,0,1,1,0,102,1,0,1,0
200800071147,8,12,19,1735,5,2,1,1,2,281,AVE DE BELFORT,,,,330,4,0.0,0.0,,2,2,,,2,1,1,0,0,2,0,1,0
200800071148,8,12,28,400,5,2,1,1,2,63,"126, QUAI DES CHARTRONS",,,,330,4,0.0,0.0,,1,1,,,0,1,1,0,27,1,4,1,0
200800071149,8,12,26,1810,5,2,1,1,5,63,"144, BD DU PRESIDENT WIL",,,,330,4,0.0,0.0,,3,4,,,1,1,1,0,0,2,0,5,0
200800071150,8,12,30,1850,5,2,1,1,6,63,"77, CRS DU MARECHAL GALL",,,,330,4,0.0,0.0,,2,2,,,0,1,1,0,131,1,0,1,0
200800071151,8,12,30,1230,1,2,2,1,3,63,RUE MANON CORMIER,,,,330,4,0.0,0.0,,1,1,,,0,1,1,0,0,1,0,1,0
200800071152,8,12,30,1825,5,2,1,1,3,63,AVE DES QUARANTE JOURNAU,,,,330,4,0.0,0.0,,3,3,,,0,1,1,0,0,1,0,1,3
200800074206,8,12,1,515,5,1,1,2,6,550,ROCADE A 630,,,,330,1,630.0,0.0,,3,6,29.0,0.0,0,1,3,15,210,2,3,1,0
200800074207,8,12,1,610,5,1,1,1,6,249,ROCADE A 630,,,,330,1,630.0,0.0,,3,4,0.0,500.0,0,1,2,15,140,2,3,1,0
200800074208,8,12,2,1645,1,1,1,1,3,550,ROCADE A 630,,,,330,1,630.0,0.0,,3,4,29.0,0.0,0,1,1,15,140,1,0,1,0
200800074209,8,12,3,1110,1,1,1,2,5,249,ROUTE NATIONALE 230,,,,330,2,230.0,0.0,,3,6,42.0,650.0,0,1,1,15,210,2,0,1,0
200800074210,8,12,4,1250,1,1,1,2,6,281,ROCADE A 630,,,,330,1,630.0,0.0,,1,1,19.0,0.0,0,2,2,50,35,2,3,1,0
200800074211,8,12,5,710,5,1,1,3,6,39,ROCADE A 630,,,,330,1,630.0,0.0,,3,4,34.0,0.0,0,1,3,15,140,2,3,1,0
200800074212,8,12,5,930,1,1,1,1,3,65,ROUTE NATIONALE 230,,,,330,2,230.0,0.0,,3,6,36.0,300.0,0,1,1,15,210,1,0,1,0
200800074213,8,12,5,1235,1,1,1,2,2,550,ROCADE A 630,,,,330,1,630.0,0.0,,3,6,30.0,500.0,0,1,1,15,210,2,0,1,0
200800074214,8,12,6,1145,1,1,1,2,6,318,ROCADE A 630,,,,330,1,630.0,0.0,,3,4,25.0,0.0,0,1,2,15,140,2,3,1,0
200800074215,8,12,8,705,5,1,1,1,2,397,AUTOROUTE A 10,,,,330,1,10.0,0.0,,3,6,539.0,600.0,0,1,1,15,210,1,3,1,0
200800074216,8,12,8,725,5,1,1,1,3,550,ROCADE A 630,,,,330,1,630.0,0.0,,3,6,29.0,200.0,0,1,1,15,210,1,3,1,0
200800074217,8,12,8,1720,5,1,1,1,3,39,ROCADE A 630,,,,330,1,630.0,0.0,,3,6,32.0,701.0,0,1,1,15,210,1,0,1,0
200800074218,8,12,10,1825,5,1,1,1,4,249,ROCADE A 630,,,,330,1,630.0,0.0,,3,6,1.0,800.0,0,1,1,15,210,1,0,1,0
200800074219,8,12,11,1515,1,1,1,1,2,167,ROUTE NATIONALE 230,,,,330,2,230.0,0.0,,3,6,39.0,600.0,0,1,1,15,210,1,0,1,0
200800074220,8,12,11,1836,3,1,1,1,4,550,AUTOROUTE A 62,,,,330,1,62.0,0.0,,3,4,1.0,200.0,0,1,1,15,140,1,0,1,0
200800074221,8,12,12,445,5,1,1,1,6,39,ROCADE A 631,,,,330,1,631.0,0.0,,3,4,34.0,0.0,0,1,3,15,140,1,3,1,0
200800074222,8,12,13,1020,1,1,1,2,4,550,AUTOROUTE A 62,,,,330,1,62.0,0.0,,1,1,0.0,800.0,0,1,3,60,35,8,3,1,0
200800074223,8,12,13,1016,1,1,1,2,4,550,AUTOROUTE A 62,,,,330,1,62.0,0.0,,3,4,0.0,500.0,0,1,1,15,140,2,0,1,0
200800074224,8,12,13,1305,1,1,1,2,3,39,ROCADE A 630,,,,330,1,630.0,0.0,,3,6,33.0,500.0,0,1,1,15,210,2,0,1,0
200800074225,8,12,13,1340,1,1,1,2,2,39,ROCADE A 630,,,,330,1,630.0,0.0,,3,6,33.0,400.0,0,1,1,15,210,2,0,1,0
200800074226,8,12,14,1,5,1,1,3,6,192,ROCADE A 630,,,,330,1,630.0,0.0,,3,6,25.0,500.0,0,1,1,15,210,2,3,1,0
200800074227,8,12,13,345,5,1,1,3,6,39,ROCADE A 630,,,,330,1,630.0,0.0,,3,4,34.0,0.0,0,1,2,15,140,2,3,1,0
200800074228,8,12,14,1005,1,1,1,2,6,249,ROCADE A 630,,,,330,1,630.0,0.0,,3,4,0.0,500.0,0,1,2,15,140,2,3,1,0
200800074229,8,12,16,910,1,1,1,1,3,39,ROCADE A 631,,,,330,1,631.0,0.0,,3,6,34.0,350.0,0,1,1,15,210,1,0,1,0
200800074230,8,12,17,708,5,1,1,1,4,119,ROUTE NATIONALE 230,,,,330,2,230.0,0.0,,1,1,42.0,200.0,0,2,3,80,35,1,3,1,0
200800074231,8,12,17,1445,1,1,1,2,6,63,ROCADE A 630,,,,330,1,630.0,0.0,,3,4,5.0,0.0,0,1,2,15,140,2,3,1,0
200800074232,8,12,20,945,1,1,1,1,3,65,ROUTE NATIONALE 230,,,,330,2,230.0,0.0,,3,6,34.0,932.0,0,1,1,15,210,1,0,1,0
200800074233,8,12,27,10,5,1,1,9,6,167,ROUTE NATIONALE 230,,,,330,2,230.0,0.0,,3,6,36.0,550.0,0,1,1,15,210,7,0,1,0
200800074234,8,12,28,50,5,1,1,1,6,143,AUTOROUTE A 10,,,,330,1,10.0,0.0,,3,6,533.0,650.0,0,1,1,15,210,1,0,1,0
200800074235,8,12,29,754,5,1,1,1,6,487,AUTOROUTE A 10,,,,330,1,10.0,0.0,,3,6,534.0,400.0,0,2,1,15,210,1,2,1,0
200800074236,8,12,30,1850,5,1,1,1,3,192,ROCADE A 630,,,,330,1,630.0,0.0,,3,6,26.0,350.0,0,1,3,15,210,1,0,1,0